global_index,original_excel_row,ma_phong_ban_1,ten_phong_ban_1,kinh_do_1,vi_do_1,ma_phong_ban_2,ten_phong_ban_2,kinh_do_2,vi_do_2,khoang_cach_chim_bay,tinh_thanh,PART_ID,row_in_part,Khoảng cách đường bộ,Khoảng cách đường bộ km,thời gian,source_output_file,source_kind,crawl_status,directed_pair_key_by_code,undirected_pair_key_by_code,directed_pair_key_by_coord,undirected_pair_key_by_coord,matched_by,old_distance_km,new_distance_km,old_duration,new_duration,old_ratio_to_air,new_ratio_to_air,distance_diff_km,distance_abs_diff_km,distance_change_pct,compare_status,recrawl_priority
19443,19445,64036000,PGD Bàu Bàng,106.6362417,11.2429544,88000000,CN Bà Rịa - Vũng Tàu,107.0753056,10.3481944,110.4478448312946,TP. Hồ Chí Minh,195,43,"30 min
19.4 km",19.4,30 min,part/output_part_195/ket_qua_tu_0_den_99.xlsx,original_output,ok,64036000__88000000,64036000__88000000,"11.24295,106.63624__10.34819,107.07531","10.34819,107.07531__11.24295,106.63624",directed_pair_key_by_code,149.0,19.4,,30 min,,0.1756,-129.6,129.6,0.8698,SUSPECT_CHANGED,HIGH
19446,19448,64036000,PGD Bàu Bàng,106.6362417,11.2429544,88032000,PGD Thắng Nhất,107.1119125,10.3980829,107.3531801611606,TP. Hồ Chí Minh,195,46,"18 min
11.6 km",11.6,18 min,part/output_part_195/ket_qua_tu_0_den_99.xlsx,original_output,ok,64036000__88032000,64036000__88032000,"11.24295,106.63624__10.39808,107.11191","10.39808,107.11191__11.24295,106.63624",directed_pair_key_by_code,141.0,11.6,,18 min,,0.1081,-129.4,129.4,0.9177,SUSPECT_CHANGED,HIGH
19351,19353,64035000,PGD Tân Đông Hiệp,106.7422824,10.9280524,90434000,PGD Thái Sơn,106.687313,10.824671,12.96830495728751,TP. Hồ Chí Minh,194,51,"3 hr 10 min
144 km",144.0,3 hr 10 min,part/output_part_194/ket_qua_tu_0_den_99.xlsx,original_output,ok,64035000__90434000,64035000__90434000,"10.92805,106.74228__10.82467,106.68731","10.82467,106.68731__10.92805,106.74228",directed_pair_key_by_code,16.3,144.0,,3 hr 10 min,,11.104,127.7,127.7,7.8344,SUSPECT_CHANGED,HIGH
19444,19446,64036000,PGD Bàu Bàng,106.6362417,11.2429544,88030000,PGD Nguyễn An Ninh,107.0898627,10.3656844,109.4093817989767,TP. Hồ Chí Minh,195,44,"34 min
19.3 km",19.3,34 min,part/output_part_195/ket_qua_tu_0_den_99.xlsx,original_output,ok,64036000__88030000,64036000__88030000,"11.24295,106.63624__10.36568,107.08986","10.36568,107.08986__11.24295,106.63624",directed_pair_key_by_code,147.0,19.3,,34 min,,0.1764,-127.7,127.7,0.8687,SUSPECT_CHANGED,HIGH
19452,19454,64036000,PGD Bàu Bàng,106.6362417,11.2429544,88041000,PGD Xuyên Mộc,107.4095097,10.5384199,115.1800293621377,TP. Hồ Chí Minh,195,52,"36 min
20.8 km",20.8,36 min,part/output_part_195/ket_qua_tu_0_den_99.xlsx,original_output,ok,64036000__88041000,64036000__88041000,"11.24295,106.63624__10.53842,107.40951","10.53842,107.40951__11.24295,106.63624",directed_pair_key_by_code,147.0,20.8,,36 min,,0.1806,-126.2,126.2,0.8585,SUSPECT_CHANGED,HIGH
1915,1917,50633000,PGD Cư Jút,107.8992603,12.5927414,60030000,PGD Mũi Né,108.286852,10.9362766,188.9611943714505,Lâm Đồng,20,15,"6 hr 39 min
283 km",283.0,6 hr 39 min,part/output_part_20/ket_qua_tu_0_den_99.xlsx,original_output,ok,50633000__60030000,50633000__60030000,"12.59274,107.89926__10.93628,108.28685","10.93628,108.28685__12.59274,107.89926",directed_pair_key_by_code,408.0,283.0,,6 hr 39 min,,1.4977,-125.0,125.0,0.3064,SUSPECT_CHANGED,HIGH
19344,19346,64035000,PGD Tân Đông Hiệp,106.7422824,10.9280524,90331000,PGD Bình Trưng Tây,106.7566664,10.788686,15.57626399276766,TP. Hồ Chí Minh,194,44,"3 hr 9 min
142 km",142.0,3 hr 9 min,part/output_part_194/ket_qua_tu_0_den_99.xlsx,original_output,ok,64035000__90331000,64035000__90331000,"10.92805,106.74228__10.78869,106.75667","10.78869,106.75667__10.92805,106.74228",directed_pair_key_by_code,18.8,142.0,,3 hr 9 min,,9.1164,123.2,123.2,6.5532,SUSPECT_CHANGED,HIGH
19342,19344,64035000,PGD Tân Đông Hiệp,106.7422824,10.9280524,90300000,CN Thủ Thiêm,106.7293726,10.7875464,15.68705457053671,TP. Hồ Chí Minh,194,42,"3 hr 12 min
143 km",143.0,3 hr 12 min,part/output_part_194/ket_qua_tu_0_den_99.xlsx,original_output,ok,64035000__90300000,64035000__90300000,"10.92805,106.74228__10.78755,106.72937","10.78755,106.72937__10.92805,106.74228",directed_pair_key_by_code,20.0,143.0,,3 hr 12 min,,9.1158,123.0,123.0,6.15,SUSPECT_CHANGED,HIGH
19343,19345,64035000,PGD Tân Đông Hiệp,106.7422824,10.9280524,90330000,PGD An Phú,106.7385273,10.7978598,14.48258316932482,TP. Hồ Chí Minh,194,43,"3 hr 6 min
141 km",141.0,3 hr 6 min,part/output_part_194/ket_qua_tu_0_den_99.xlsx,original_output,ok,64035000__90330000,64035000__90330000,"10.92805,106.74228__10.79786,106.73853","10.79786,106.73853__10.92805,106.74228",directed_pair_key_by_code,19.3,141.0,,3 hr 6 min,,9.7358,121.7,121.7,6.3057,SUSPECT_CHANGED,HIGH
19445,19447,64036000,PGD Bàu Bàng,106.6362417,11.2429544,88031000,PGD Tam Thắng,107.0854444,10.3494722,110.805718736219,TP. Hồ Chí Minh,195,45,"32 min
19.2 km",19.2,32 min,part/output_part_195/ket_qua_tu_0_den_99.xlsx,original_output,ok,64036000__88031000,64036000__88031000,"11.24295,106.63624__10.34947,107.08544","10.34947,107.08544__11.24295,106.63624",directed_pair_key_by_code,140.0,19.2,,32 min,,0.1733,-120.8,120.8,0.8629,SUSPECT_CHANGED,HIGH
20790,20792,88041000,PGD Xuyên Mộc,107.4095097,10.5384199,92631000,PGD Xóm Củi,106.6567989,10.7444752,85.38965183258865,TP. Hồ Chí Minh,208,90,"11 min
4.3 km",4.3,11 min,part/output_part_208/ket_qua_tu_0_den_99.xlsx,original_output,ok,88041000__92631000,88041000__92631000,"10.53842,107.40951__10.74448,106.65680","10.53842,107.40951__10.74448,106.65680",directed_pair_key_by_code,124.0,4.3,,11 min,,0.0504,-119.7,119.7,0.9653,SUSPECT_CHANGED,HIGH
19449,19451,64036000,PGD Bàu Bàng,106.6362417,11.2429544,88038000,PGD Long Điền,107.2164178,10.4169245,111.5857871214624,TP. Hồ Chí Minh,195,49,"31 min
19.7 km",19.7,31 min,part/output_part_195/ket_qua_tu_0_den_99.xlsx,original_output,ok,64036000__88038000,64036000__88038000,"11.24295,106.63624__10.41692,107.21642","10.41692,107.21642__11.24295,106.63624",directed_pair_key_by_code,138.0,19.7,,31 min,,0.1765,-118.3,118.3,0.8572,SUSPECT_CHANGED,HIGH
20769,20771,88041000,PGD Xuyên Mộc,107.4095097,10.5384199,92000000,CN 5 Thành phố Hồ Chí Minh,106.6738508,10.756692,83.97695237653531,TP. Hồ Chí Minh,208,69,"12 min
3.0 km",3.0,12 min,part/output_part_208/ket_qua_tu_0_den_99.xlsx,original_output,ok,88041000__92000000,88041000__92000000,"10.53842,107.40951__10.75669,106.67385","10.53842,107.40951__10.75669,106.67385",directed_pair_key_by_code,121.0,3.0,,12 min,,0.0357,-118.0,118.0,0.9752,SUSPECT_CHANGED,HIGH
20754,20756,88041000,PGD Xuyên Mộc,107.4095097,10.5384199,90800000,CN 4 Thành phố Hồ Chí Minh,106.7025623,10.7659462,81.29155266911077,TP. Hồ Chí Minh,208,54,"2 min
550 m",0.55,2 min,part/output_part_208/ket_qua_tu_0_den_99.xlsx,original_output,ok,88041000__90800000,88041000__90800000,"10.53842,107.40951__10.76595,106.70256","10.53842,107.40951__10.76595,106.70256",directed_pair_key_by_code,118.0,0.55,,2 min,,0.0068,-117.45,117.45,0.9953,SUSPECT_CHANGED,HIGH
19345,19347,64035000,PGD Tân Đông Hiệp,106.7422824,10.9280524,90332000,PGD Thảo Điền,106.7360342,10.8052701,13.66982662443199,TP. Hồ Chí Minh,194,45,"3 hr 1 min
135 km",135.0,3 hr 1 min,part/output_part_194/ket_qua_tu_0_den_99.xlsx,original_output,ok,64035000__90332000,64035000__90332000,"10.92805,106.74228__10.80527,106.73603","10.80527,106.73603__10.92805,106.74228",directed_pair_key_by_code,18.7,135.0,,3 hr 1 min,,9.8758,116.3,116.3,6.2193,SUSPECT_CHANGED,HIGH
20794,20796,88041000,PGD Xuyên Mộc,107.4095097,10.5384199,92800000,CN 9 Thành phố Hồ Chí Minh,106.6788024,10.82797,86.08986155782861,TP. Hồ Chí Minh,208,94,"22 min
8.8 km",8.8,22 min,part/output_part_208/ket_qua_tu_0_den_99.xlsx,original_output,ok,88041000__92800000,88041000__92800000,"10.53842,107.40951__10.82797,106.67880","10.53842,107.40951__10.82797,106.67880",directed_pair_key_by_code,124.0,8.8,,22 min,,0.1022,-115.2,115.2,0.929,SUSPECT_CHANGED,HIGH
20775,20777,88041000,PGD Xuyên Mộc,107.4095097,10.5384199,92200000,CN 6 Thành phố Hồ Chí Minh,106.6648231,10.7532743,84.81448749338756,TP. Hồ Chí Minh,208,75,"23 min
7.8 km",7.8,23 min,part/output_part_208/ket_qua_tu_0_den_99.xlsx,original_output,ok,88041000__92200000,88041000__92200000,"10.53842,107.40951__10.75327,106.66482","10.53842,107.40951__10.75327,106.66482",directed_pair_key_by_code,122.0,7.8,,23 min,,0.092,-114.2,114.2,0.9361,SUSPECT_CHANGED,HIGH
20783,20785,88041000,PGD Xuyên Mộc,107.4095097,10.5384199,92400000,CN 7 Thành phố Hồ Chí Minh,106.6991015,10.801716,82.96540474188832,TP. Hồ Chí Minh,208,83,"23 min
8.7 km",8.7,23 min,part/output_part_208/ket_qua_tu_0_den_99.xlsx,original_output,ok,88041000__92400000,88041000__92400000,"10.53842,107.40951__10.80172,106.69910","10.53842,107.40951__10.80172,106.69910",directed_pair_key_by_code,118.0,8.7,,23 min,,0.1049,-109.3,109.3,0.9263,SUSPECT_CHANGED,HIGH
20896,20898,90000000,CN Thành phố Hồ Chí Minh,106.7033737,10.7705105,92200000,CN 6 Thành phố Hồ Chí Minh,106.6648231,10.7532743,4.626860961132945,TP. Hồ Chí Minh,209,96,"2 hr 26 min
115 km",115.0,2 hr 26 min,part/output_part_209/ket_qua_tu_0_den_99.xlsx,original_output,ok,90000000__92200000,90000000__92200000,"10.77051,106.70337__10.75327,106.66482","10.75327,106.66482__10.77051,106.70337",directed_pair_key_by_code,5.8,115.0,,2 hr 26 min,,24.8549,109.2,109.2,18.8276,SUSPECT_CHANGED,HIGH
19348,19350,64035000,PGD Tân Đông Hiệp,106.7422824,10.9280524,90400000,CN 2 Thành phố Hồ Chí Minh,106.682211,10.7959893,16.08339437182224,TP. Hồ Chí Minh,194,48,"2 hr 49 min
128 km",128.0,2 hr 49 min,part/output_part_194/ket_qua_tu_0_den_99.xlsx,original_output,ok,64035000__90400000,64035000__90400000,"10.92805,106.74228__10.79599,106.68221","10.79599,106.68221__10.92805,106.74228",directed_pair_key_by_code,19.5,128.0,,2 hr 49 min,,7.9585,108.5,108.5,5.5641,SUSPECT_CHANGED,HIGH
20879,20881,90000000,CN Thành phố Hồ Chí Minh,106.7033737,10.7705105,90835000,PGD Phan Văn Trị,106.6918736,10.8242225,6.103171552053817,TP. Hồ Chí Minh,209,79,"2 hr 16 min
114 km",114.0,2 hr 16 min,part/output_part_209/ket_qua_tu_0_den_99.xlsx,original_output,ok,90000000__90835000,90000000__90835000,"10.77051,106.70337__10.82422,106.69187","10.77051,106.70337__10.82422,106.69187",directed_pair_key_by_code,7.4,114.0,,2 hr 16 min,,18.6788,106.6,106.6,14.4054,SUSPECT_CHANGED,HIGH
20788,20790,88041000,PGD Xuyên Mộc,107.4095097,10.5384199,92600000,CN 8 Thành phố Hồ Chí Minh,106.6653111,10.7423991,84.4318582711,TP. Hồ Chí Minh,208,88,"39 min
16.0 km",16.0,39 min,part/output_part_208/ket_qua_tu_0_den_99.xlsx,original_output,ok,88041000__92600000,88041000__92600000,"10.53842,107.40951__10.74240,106.66531","10.53842,107.40951__10.74240,106.66531",directed_pair_key_by_code,122.0,16.0,,39 min,,0.1895,-106.0,106.0,0.8689,SUSPECT_CHANGED,HIGH
19347,19349,64035000,PGD Tân Đông Hiệp,106.7422824,10.9280524,90334000,PGD Vinhomes Tân Cảng,106.7210417,10.7941608,15.06769603557936,TP. Hồ Chí Minh,194,47,"2 hr 38 min
122 km",122.0,2 hr 38 min,part/output_part_194/ket_qua_tu_0_den_99.xlsx,original_output,ok,64035000__90334000,64035000__90334000,"10.92805,106.74228__10.79416,106.72104","10.79416,106.72104__10.92805,106.74228",directed_pair_key_by_code,17.9,122.0,,2 hr 38 min,,8.0968,104.1,104.1,5.8156,SUSPECT_CHANGED,HIGH
20745,20747,88041000,PGD Xuyên Mộc,107.4095097,10.5384199,90400000,CN 2 Thành phố Hồ Chí Minh,106.682211,10.7959893,84.47753380747342,TP. Hồ Chí Minh,208,45,"44 min
16.2 km",16.2,44 min,part/output_part_208/ket_qua_tu_0_den_99.xlsx,original_output,ok,88041000__90400000,88041000__90400000,"10.53842,107.40951__10.79599,106.68221","10.53842,107.40951__10.79599,106.68221",directed_pair_key_by_code,120.0,16.2,,44 min,,0.1918,-103.8,103.8,0.865,SUSPECT_CHANGED,HIGH
20881,20883,90000000,CN Thành phố Hồ Chí Minh,106.7033737,10.7705105,91000000,CN Nam Sài Gòn,106.7002387,10.739119,3.507340769080975,TP. Hồ Chí Minh,209,81,"2 hr 10 min
108 km",108.0,2 hr 10 min,part/output_part_209/ket_qua_tu_0_den_99.xlsx,original_output,ok,90000000__91000000,90000000__91000000,"10.77051,106.70337__10.73912,106.70024","10.73912,106.70024__10.77051,106.70337",directed_pair_key_by_code,4.5,108.0,,2 hr 10 min,,30.7926,103.5,103.5,23.0,SUSPECT_CHANGED,HIGH
20779,20781,88041000,PGD Xuyên Mộc,107.4095097,10.5384199,92300000,CN Tây Sài Gòn,106.5953388,10.7457963,91.91409657141276,TP. Hồ Chí Minh,208,79,"21 min
7.6 km",7.6,21 min,part/output_part_208/ket_qua_tu_0_den_99.xlsx,original_output,ok,88041000__92300000,88041000__92300000,"10.53842,107.40951__10.74580,106.59534","10.53842,107.40951__10.74580,106.59534",directed_pair_key_by_code,111.0,7.6,,21 min,,0.0827,-103.4,103.4,0.9315,SUSPECT_CHANGED,HIGH
20867,20869,90000000,CN Thành phố Hồ Chí Minh,106.7033737,10.7705105,90431000,PGD Phú Nhuận,106.680485,10.799081,4.04270569428972,TP. Hồ Chí Minh,209,67,"2 hr 11 min
107 km",107.0,2 hr 11 min,part/output_part_209/ket_qua_tu_0_den_99.xlsx,original_output,ok,90000000__90431000,90000000__90431000,"10.77051,106.70337__10.79908,106.68049","10.77051,106.70337__10.79908,106.68049",directed_pair_key_by_code,4.8,107.0,,2 hr 11 min,,26.4674,102.2,102.2,21.2917,SUSPECT_CHANGED,HIGH
20874,20876,90000000,CN Thành phố Hồ Chí Minh,106.7033737,10.7705105,90636000,PGD Hai Bà Trưng,106.6904219,10.7893918,2.531695471973683,TP. Hồ Chí Minh,209,74,"2 hr 4 min
105 km",105.0,2 hr 4 min,part/output_part_209/ket_qua_tu_0_den_99.xlsx,original_output,ok,90000000__90636000,90000000__90636000,"10.77051,106.70337__10.78939,106.69042","10.77051,106.70337__10.78939,106.69042",directed_pair_key_by_code,3.1,105.0,,2 hr 4 min,,41.4742,101.9,101.9,32.871,SUSPECT_CHANGED,HIGH
20749,20751,88041000,PGD Xuyên Mộc,107.4095097,10.5384199,90600000,CN 3 Thành phố Hồ Chí Minh,106.6819475,10.7697554,83.56431469318795,TP. Hồ Chí Minh,208,49,"46 min
18.4 km",18.4,46 min,part/output_part_208/ket_qua_tu_0_den_99.xlsx,original_output,ok,88041000__90600000,88041000__90600000,"10.53842,107.40951__10.76976,106.68195","10.53842,107.40951__10.76976,106.68195",directed_pair_key_by_code,120.0,18.4,,46 min,,0.2202,-101.6,101.6,0.8467,SUSPECT_CHANGED,HIGH
20897,20899,90000000,CN Thành phố Hồ Chí Minh,106.7033737,10.7705105,92230000,PGD Tháp Mười,106.6510538,10.7501355,6.148087689831289,TP. Hồ Chí Minh,209,97,"2 hr 8 min
109 km",109.0,2 hr 8 min,part/output_part_209/ket_qua_tu_0_den_99.xlsx,original_output,ok,90000000__92230000,90000000__92230000,"10.77051,106.70337__10.75014,106.65105","10.75014,106.65105__10.77051,106.70337",directed_pair_key_by_code,7.6,109.0,,2 hr 8 min,,17.7291,101.4,101.4,13.3421,SUSPECT_CHANGED,HIGH
20877,20879,90000000,CN Thành phố Hồ Chí Minh,106.7033737,10.7705105,90831000,PGD Bến Vân Đồn,106.6936118,10.7582238,1.733122586078836,TP. Hồ Chí Minh,209,77,"2 hr
104 km",104.0,2 hr,part/output_part_209/ket_qua_tu_0_den_99.xlsx,original_output,ok,90000000__90831000,90000000__90831000,"10.77051,106.70337__10.75822,106.69361","10.75822,106.69361__10.77051,106.70337",directed_pair_key_by_code,2.9,104.0,,2 hr,,60.0073,101.1,101.1,34.8621,SUSPECT_CHANGED,HIGH
20894,20896,90000000,CN Thành phố Hồ Chí Minh,106.7033737,10.7705105,92037000,PGD Nancy,106.68175,10.7565278,2.827925052163953,TP. Hồ Chí Minh,209,94,"1 hr 57 min
105 km",105.0,1 hr 57 min,part/output_part_209/ket_qua_tu_0_den_99.xlsx,original_output,ok,90000000__92037000,90000000__92037000,"10.77051,106.70337__10.75653,106.68175","10.75653,106.68175__10.77051,106.70337",directed_pair_key_by_code,3.9,105.0,,1 hr 57 min,,37.1297,101.1,101.1,25.9231,SUSPECT_CHANGED,HIGH
20875,20877,90000000,CN Thành phố Hồ Chí Minh,106.7033737,10.7705105,90800000,CN 4 Thành phố Hồ Chí Minh,106.7025623,10.7659462,0.515209203710917,TP. Hồ Chí Minh,209,75,"1 hr 55 min
102 km",102.0,1 hr 55 min,part/output_part_209/ket_qua_tu_0_den_99.xlsx,original_output,ok,90000000__90800000,90000000__90800000,"10.77051,106.70337__10.76595,106.70256","10.76595,106.70256__10.77051,106.70337",directed_pair_key_by_code,1.4,102.0,,1 hr 55 min,,197.9778,100.6,100.6,71.8571,SUSPECT_CHANGED,HIGH
20882,20884,90000000,CN Thành phố Hồ Chí Minh,106.7033737,10.7705105,91030000,PGD Phú Mỹ Hưng,106.7055348,10.7291804,4.60176380887376,TP. Hồ Chí Minh,209,82,"2 hr 4 min
108 km",108.0,2 hr 4 min,part/output_part_209/ket_qua_tu_0_den_99.xlsx,original_output,ok,90000000__91030000,90000000__91030000,"10.77051,106.70337__10.72918,106.70553","10.72918,106.70553__10.77051,106.70337",directed_pair_key_by_code,7.4,108.0,,2 hr 4 min,,23.4693,100.6,100.6,13.5946,SUSPECT_CHANGED,HIGH
19576,19578,88000000,CN Bà Rịa - Vũng Tàu,107.0753056,10.3481944,88031000,PGD Tam Thắng,107.0854444,10.3494722,1.118109267916182,TP. Hồ Chí Minh,196,76,"1 hr 45 min
102 km",102.0,1 hr 45 min,part/output_part_196/ket_qua_tu_0_den_99.xlsx,original_output,ok,88000000__88031000,88000000__88031000,"10.34819,107.07531__10.34947,107.08544","10.34819,107.07531__10.34947,107.08544",directed_pair_key_by_code,1.5,102.0,,1 hr 45 min,,91.2254,100.5,100.5,67.0,SUSPECT_CHANGED,HIGH
20872,20874,90000000,CN Thành phố Hồ Chí Minh,106.7033737,10.7705105,90632000,PGD Vườn Chuối,106.6839927,10.7723266,2.126710144446397,TP. Hồ Chí Minh,209,72,"1 hr 59 min
103 km",103.0,1 hr 59 min,part/output_part_209/ket_qua_tu_0_den_99.xlsx,original_output,ok,90000000__90632000,90000000__90632000,"10.77051,106.70337__10.77233,106.68399","10.77051,106.70337__10.77233,106.68399",directed_pair_key_by_code,2.6,103.0,,1 hr 59 min,,48.4316,100.4,100.4,38.6154,SUSPECT_CHANGED,HIGH
20898,20900,90000000,CN Thành phố Hồ Chí Minh,106.7033737,10.7705105,92231000,PGD Chợ Lớn,106.6529332,10.7505148,5.94179681002972,TP. Hồ Chí Minh,209,98,"2 hr 5 min
107 km",107.0,2 hr 5 min,part/output_part_209/ket_qua_tu_0_den_99.xlsx,original_output,ok,90000000__92231000,90000000__92231000,"10.77051,106.70337__10.75051,106.65293","10.75051,106.65293__10.77051,106.70337",directed_pair_key_by_code,7.4,107.0,,2 hr 5 min,,18.008,99.6,99.6,13.4595,SUSPECT_CHANGED,HIGH
20774,20776,88041000,PGD Xuyên Mộc,107.4095097,10.5384199,92038000,PGD Bình Tây,106.6366052,10.7484977,87.63517055146434,TP. Hồ Chí Minh,208,74,"5 min
1.4 km",1.4,5 min,part/output_part_208/ket_qua_tu_0_den_99.xlsx,original_output,ok,88041000__92038000,88041000__92038000,"10.53842,107.40951__10.74850,106.63661","10.53842,107.40951__10.74850,106.63661",directed_pair_key_by_code,101.0,1.4,,5 min,,0.016,-99.6,99.6,0.9861,SUSPECT_CHANGED,HIGH
19676,19678,88000000,CN Bà Rịa - Vũng Tàu,107.0753056,10.3481944,94031000,PGD Ngô Gia Tự,106.6748391,10.7670545,63.91855502827646,TP. Hồ Chí Minh,197,76,"4 min
1.5 km",1.5,4 min,part/output_part_197/ket_qua_tu_0_den_99.xlsx,original_output,ok,88000000__94031000,88000000__94031000,"10.34819,107.07531__10.76705,106.67484","10.34819,107.07531__10.76705,106.67484",directed_pair_key_by_code,101.0,1.5,,4 min,,0.0235,-99.5,99.5,0.9851,SUSPECT_CHANGED,HIGH
20892,20894,90000000,CN Thành phố Hồ Chí Minh,106.7033737,10.7705105,92031000,PGD Phan Phú Tiên,106.6654307,10.7522131,4.61730589377114,TP. Hồ Chí Minh,209,92,"2 hr 3 min
105 km",105.0,2 hr 3 min,part/output_part_209/ket_qua_tu_0_den_99.xlsx,original_output,ok,90000000__92031000,90000000__92031000,"10.77051,106.70337__10.75221,106.66543","10.75221,106.66543__10.77051,106.70337",directed_pair_key_by_code,5.6,105.0,,2 hr 3 min,,22.7405,99.4,99.4,17.75,SUSPECT_CHANGED,HIGH
20796,20798,88041000,PGD Xuyên Mộc,107.4095097,10.5384199,92831000,PGD Hiệp Thành,106.6434221,10.8767708,91.76859958229866,TP. Hồ Chí Minh,208,96,"19 min
7.6 km",7.6,19 min,part/output_part_208/ket_qua_tu_0_den_99.xlsx,original_output,ok,88041000__92831000,88041000__92831000,"10.53842,107.40951__10.87677,106.64342","10.53842,107.40951__10.87677,106.64342",directed_pair_key_by_code,107.0,7.6,,19 min,,0.0828,-99.4,99.4,0.929,SUSPECT_CHANGED,HIGH
20858,20860,90000000,CN Thành phố Hồ Chí Minh,106.7033737,10.7705105,90236000,PGD Đakao,106.6972065,10.7927265,2.560516437972004,TP. Hồ Chí Minh,209,58,"1 hr 49 min
103 km",103.0,1 hr 49 min,part/output_part_209/ket_qua_tu_0_den_99.xlsx,original_output,ok,90000000__90236000,90000000__90236000,"10.77051,106.70337__10.79273,106.69721","10.77051,106.70337__10.79273,106.69721",directed_pair_key_by_code,3.7,103.0,,1 hr 49 min,,40.2263,99.3,99.3,26.8378,SUSPECT_CHANGED,HIGH
19675,19677,88000000,CN Bà Rịa - Vũng Tàu,107.0753056,10.3481944,94030000,PGD Lý Thường Kiệt,106.6576503,10.7716481,65.58526559422087,TP. Hồ Chí Minh,197,75,"5 min
2.7 km",2.7,5 min,part/output_part_197/ket_qua_tu_0_den_99.xlsx,original_output,ok,88000000__94030000,88000000__94030000,"10.34819,107.07531__10.77165,106.65765","10.34819,107.07531__10.77165,106.65765",directed_pair_key_by_code,102.0,2.7,,5 min,,0.0412,-99.3,99.3,0.9735,SUSPECT_CHANGED,HIGH
20868,20870,90000000,CN Thành phố Hồ Chí Minh,106.7033737,10.7705105,90433000,PGD Nguyễn Văn Lượng,106.6676389,10.8384167,8.499956072194587,TP. Hồ Chí Minh,209,68,"2 hr 6 min
110 km",110.0,2 hr 6 min,part/output_part_209/ket_qua_tu_0_den_99.xlsx,original_output,ok,90000000__90433000,90000000__90433000,"10.77051,106.70337__10.83842,106.66764","10.77051,106.70337__10.83842,106.66764",directed_pair_key_by_code,10.8,110.0,,2 hr 6 min,,12.9412,99.2,99.2,9.1852,SUSPECT_CHANGED,HIGH
20890,20892,90000000,CN Thành phố Hồ Chí Minh,106.7033737,10.7705105,92000000,CN 5 Thành phố Hồ Chí Minh,106.6738508,10.756692,3.572379008922683,TP. Hồ Chí Minh,209,90,"2 hr
104 km",104.0,2 hr,part/output_part_209/ket_qua_tu_0_den_99.xlsx,original_output,ok,90000000__92000000,90000000__92000000,"10.77051,106.70337__10.75669,106.67385","10.75669,106.67385__10.77051,106.70337",directed_pair_key_by_code,5.2,104.0,,2 hr,,29.1123,98.8,98.8,19.0,SUSPECT_CHANGED,HIGH
20878,20880,90000000,CN Thành phố Hồ Chí Minh,106.7033737,10.7705105,90834000,PGD Văn Thánh,106.7142617,10.8017978,3.676661206685842,TP. Hồ Chí Minh,209,78,"2 hr 6 min
105 km",105.0,2 hr 6 min,part/output_part_209/ket_qua_tu_0_den_99.xlsx,original_output,ok,90000000__90834000,90000000__90834000,"10.77051,106.70337__10.80180,106.71426","10.77051,106.70337__10.80180,106.71426",directed_pair_key_by_code,6.4,105.0,,2 hr 6 min,,28.5585,98.6,98.6,15.4062,SUSPECT_CHANGED,HIGH
20880,20882,90000000,CN Thành phố Hồ Chí Minh,106.7033737,10.7705105,90836000,PGD Nguyễn Lương Bằng,106.7284493,10.7174433,6.50568327380304,TP. Hồ Chí Minh,209,80,"2 hr 5 min
106 km",106.0,2 hr 5 min,part/output_part_209/ket_qua_tu_0_den_99.xlsx,original_output,ok,90000000__90836000,90000000__90836000,"10.77051,106.70337__10.71744,106.72845","10.71744,106.72845__10.77051,106.70337",directed_pair_key_by_code,7.6,106.0,,2 hr 5 min,,16.2934,98.4,98.4,12.9474,SUSPECT_CHANGED,HIGH
19575,19577,88000000,CN Bà Rịa - Vũng Tàu,107.0753056,10.3481944,88030000,PGD Nguyễn An Ninh,107.0898627,10.3656844,2.513501228876144,TP. Hồ Chí Minh,196,75,"1 hr 40 min
101 km",101.0,1 hr 40 min,part/output_part_196/ket_qua_tu_0_den_99.xlsx,original_output,ok,88000000__88030000,88000000__88030000,"10.34819,107.07531__10.36568,107.08986","10.34819,107.07531__10.36568,107.08986",directed_pair_key_by_code,2.7,101.0,,1 hr 40 min,,40.183,98.3,98.3,36.4074,SUSPECT_CHANGED,HIGH
19448,19450,64036000,PGD Bàu Bàng,106.6362417,11.2429544,88034000,PGD Bà Rịa,107.1768403,10.4877553,102.6483910018451,TP. Hồ Chí Minh,195,48,"31 min
19.8 km",19.8,31 min,part/output_part_195/ket_qua_tu_0_den_99.xlsx,original_output,ok,64036000__88034000,64036000__88034000,"11.24295,106.63624__10.48776,107.17684","10.48776,107.17684__11.24295,106.63624",directed_pair_key_by_code,118.0,19.8,,31 min,,0.1929,-98.2,98.2,0.8322,SUSPECT_CHANGED,HIGH
20885,20887,90000000,CN Thành phố Hồ Chí Minh,106.7033737,10.7705105,91033000,PGD Nguyễn Văn Cừ,106.6925748,10.7609209,1.590158528023004,TP. Hồ Chí Minh,209,85,"1 hr 46 min
100 km",100.0,1 hr 46 min,part/output_part_209/ket_qua_tu_0_den_99.xlsx,original_output,ok,90000000__91033000,90000000__91033000,"10.77051,106.70337__10.76092,106.69257","10.76092,106.69257__10.77051,106.70337",directed_pair_key_by_code,1.9,100.0,,1 hr 46 min,,62.8868,98.1,98.1,51.6316,SUSPECT_CHANGED,HIGH
20870,20872,90000000,CN Thành phố Hồ Chí Minh,106.7033737,10.7705105,90600000,CN 3 Thành phố Hồ Chí Minh,106.6819475,10.7697554,2.342025572806159,TP. Hồ Chí Minh,209,70,"1 hr 52 min
101 km",101.0,1 hr 52 min,part/output_part_209/ket_qua_tu_0_den_99.xlsx,original_output,ok,90000000__90600000,90000000__90600000,"10.77051,106.70337__10.76976,106.68195","10.76976,106.68195__10.77051,106.70337",directed_pair_key_by_code,3.0,101.0,,1 hr 52 min,,43.1251,98.0,98.0,32.6667,SUSPECT_CHANGED,HIGH
20768,20770,88041000,PGD Xuyên Mộc,107.4095097,10.5384199,91242000,PGD Hiệp Phước,106.7378846,10.6469072,74.39330131013263,TP. Hồ Chí Minh,208,68,"26 min
8.0 km",8.0,26 min,part/output_part_208/ket_qua_tu_0_den_99.xlsx,original_output,ok,88041000__91242000,88041000__91242000,"10.53842,107.40951__10.64691,106.73788","10.53842,107.40951__10.64691,106.73788",directed_pair_key_by_code,106.0,8.0,,26 min,,0.1075,-98.0,98.0,0.9245,SUSPECT_CHANGED,HIGH
20895,20897,90000000,CN Thành phố Hồ Chí Minh,106.7033737,10.7705105,92038000,PGD Bình Tây,106.6366052,10.7484977,7.69356210301841,TP. Hồ Chí Minh,209,95,"2 hr 4 min
107 km",107.0,2 hr 4 min,part/output_part_209/ket_qua_tu_0_den_99.xlsx,original_output,ok,90000000__92038000,90000000__92038000,"10.77051,106.70337__10.74850,106.63661","10.74850,106.63661__10.77051,106.70337",directed_pair_key_by_code,9.2,107.0,,2 hr 4 min,,13.9077,97.8,97.8,10.6304,SUSPECT_CHANGED,HIGH
20845,20847,90000000,CN Thành phố Hồ Chí Minh,106.7033737,10.7705105,90043000,PGD Đinh Tiên Hoàng,106.6958903,10.7915621,2.479454946750912,TP. Hồ Chí Minh,209,45,"1 hr 48 min
101 km",101.0,1 hr 48 min,part/output_part_209/ket_qua_tu_0_den_99.xlsx,original_output,ok,90000000__90043000,90000000__90043000,"10.77051,106.70337__10.79156,106.69589","10.77051,106.70337__10.79156,106.69589",directed_pair_key_by_code,3.5,101.0,,1 hr 48 min,,40.7348,97.5,97.5,27.8571,SUSPECT_CHANGED,HIGH
20780,20782,88041000,PGD Xuyên Mộc,107.4095097,10.5384199,92330000,PGD Hậu Giang,106.6301338,10.7472151,88.2795497655405,TP. Hồ Chí Minh,208,80,"16 min
4.6 km",4.6,16 min,part/output_part_208/ket_qua_tu_0_den_99.xlsx,original_output,ok,88041000__92330000,88041000__92330000,"10.53842,107.40951__10.74722,106.63013","10.53842,107.40951__10.74722,106.63013",directed_pair_key_by_code,102.0,4.6,,16 min,,0.0521,-97.4,97.4,0.9549,SUSPECT_CHANGED,HIGH
20855,20857,90000000,CN Thành phố Hồ Chí Minh,106.7033737,10.7705105,90200000,CN 1 Thành phố Hồ Chí Minh,106.701474,10.7706429,0.2080375789648704,TP. Hồ Chí Minh,209,55,"1 hr 47 min
97.8 km",97.8,1 hr 47 min,part/output_part_209/ket_qua_tu_0_den_99.xlsx,original_output,ok,90000000__90200000,90000000__90200000,"10.77051,106.70337__10.77064,106.70147","10.77051,106.70337__10.77064,106.70147",directed_pair_key_by_code,0.55,97.8,,1 hr 47 min,,470.1074,97.25,97.25,176.8182,SUSPECT_CHANGED,HIGH
20795,20797,88041000,PGD Xuyên Mộc,107.4095097,10.5384199,92830000,PGD An Nhơn,106.6667107,10.8488493,88.19651691201484,TP. Hồ Chí Minh,208,95,"14 min
5.8 km",5.8,14 min,part/output_part_208/ket_qua_tu_0_den_99.xlsx,original_output,ok,88041000__92830000,88041000__92830000,"10.53842,107.40951__10.84885,106.66671","10.53842,107.40951__10.84885,106.66671",directed_pair_key_by_code,103.0,5.8,,14 min,,0.0658,-97.2,97.2,0.9437,SUSPECT_CHANGED,HIGH
19706,19708,88030000,PGD Nguyễn An Ninh,107.0898627,10.3656844,88031000,PGD Tam Thắng,107.0854444,10.3494722,1.866374823912275,TP. Hồ Chí Minh,198,6,"1 hr 42 min
99.6 km",99.6,1 hr 42 min,part/output_part_198/ket_qua_tu_0_den_99.xlsx,original_output,ok,88030000__88031000,88030000__88031000,"10.36568,107.08986__10.34947,107.08544","10.34947,107.08544__10.36568,107.08986",directed_pair_key_by_code,2.5,99.6,,1 hr 42 min,,53.3655,97.1,97.1,38.84,SUSPECT_CHANGED,HIGH
20843,20845,90000000,CN Thành phố Hồ Chí Minh,106.7033737,10.7705105,90039000,PGD An Đông,106.6728395,10.7574677,3.637169428838979,TP. Hồ Chí Minh,209,43,"1 hr 47 min
102 km",102.0,1 hr 47 min,part/output_part_209/ket_qua_tu_0_den_99.xlsx,original_output,ok,90000000__90039000,90000000__90039000,"10.77051,106.70337__10.75747,106.67284","10.75747,106.67284__10.77051,106.70337",directed_pair_key_by_code,5.0,102.0,,1 hr 47 min,,28.0438,97.0,97.0,19.4,SUSPECT_CHANGED,HIGH
20776,20778,88041000,PGD Xuyên Mộc,107.4095097,10.5384199,92230000,PGD Tháp Mười,106.6510538,10.7501355,86.16372112082087,TP. Hồ Chí Minh,208,76,"8 min
2.9 km",2.9,8 min,part/output_part_208/ket_qua_tu_0_den_99.xlsx,original_output,ok,88041000__92230000,88041000__92230000,"10.53842,107.40951__10.75014,106.65105","10.53842,107.40951__10.75014,106.65105",directed_pair_key_by_code,99.9,2.9,,8 min,,0.0337,-97.0,97.0,0.971,SUSPECT_CHANGED,HIGH
20891,20893,90000000,CN Thành phố Hồ Chí Minh,106.7033737,10.7705105,92030000,PGD Hòa Bình,106.6749817,10.7525802,3.687079226303703,TP. Hồ Chí Minh,209,91,"1 hr 52 min
101 km",101.0,1 hr 52 min,part/output_part_209/ket_qua_tu_0_den_99.xlsx,original_output,ok,90000000__92030000,90000000__92030000,"10.77051,106.70337__10.75258,106.67498","10.75258,106.67498__10.77051,106.70337",directed_pair_key_by_code,4.3,101.0,,1 hr 52 min,,27.393,96.7,96.7,22.4884,SUSPECT_CHANGED,HIGH
20873,20875,90000000,CN Thành phố Hồ Chí Minh,106.7033737,10.7705105,90635000,PGD Đô Thành,106.6756618,10.7892362,3.674044969853082,TP. Hồ Chí Minh,209,73,"1 hr 51 min
101 km",101.0,1 hr 51 min,part/output_part_209/ket_qua_tu_0_den_99.xlsx,original_output,ok,90000000__90635000,90000000__90635000,"10.77051,106.70337__10.78924,106.67566","10.77051,106.70337__10.78924,106.67566",directed_pair_key_by_code,4.4,101.0,,1 hr 51 min,,27.4901,96.6,96.6,21.9545,SUSPECT_CHANGED,HIGH
20782,20784,88041000,PGD Xuyên Mộc,107.4095097,10.5384199,92333000,PGD Lạc Long Quân,106.6507963,10.7841392,87.29491950602734,TP. Hồ Chí Minh,208,82,"15 min
5.4 km",5.4,15 min,part/output_part_208/ket_qua_tu_0_den_99.xlsx,original_output,ok,88041000__92333000,88041000__92333000,"10.53842,107.40951__10.78414,106.65080","10.53842,107.40951__10.78414,106.65080",directed_pair_key_by_code,102.0,5.4,,15 min,,0.0619,-96.6,96.6,0.9471,SUSPECT_CHANGED,HIGH
20781,20783,88041000,PGD Xuyên Mộc,107.4095097,10.5384199,92332000,PGD Bình Trị Đông,106.61727,10.7517545,89.76804705491573,TP. Hồ Chí Minh,208,81,"19 min
7.4 km",7.4,19 min,part/output_part_208/ket_qua_tu_0_den_99.xlsx,original_output,ok,88041000__92332000,88041000__92332000,"10.53842,107.40951__10.75175,106.61727","10.53842,107.40951__10.75175,106.61727",directed_pair_key_by_code,104.0,7.4,,19 min,,0.0824,-96.6,96.6,0.9288,SUSPECT_CHANGED,HIGH
20893,20895,90000000,CN Thành phố Hồ Chí Minh,106.7033737,10.7705105,92033000,PGD Hoa Việt,106.6587496,10.7525874,5.266376148615159,TP. Hồ Chí Minh,209,93,"2 hr
103 km",103.0,2 hr,part/output_part_209/ket_qua_tu_0_den_99.xlsx,original_output,ok,90000000__92033000,90000000__92033000,"10.77051,106.70337__10.75259,106.65875","10.75259,106.65875__10.77051,106.70337",directed_pair_key_by_code,6.7,103.0,,2 hr,,19.558,96.3,96.3,14.3731,SUSPECT_CHANGED,HIGH
20865,20867,90000000,CN Thành phố Hồ Chí Minh,106.7033737,10.7705105,90334000,PGD Vinhomes Tân Cảng,106.7210417,10.7941608,3.261960102690419,TP. Hồ Chí Minh,209,65,"1 hr 50 min
101 km",101.0,1 hr 50 min,part/output_part_209/ket_qua_tu_0_den_99.xlsx,original_output,ok,90000000__90334000,90000000__90334000,"10.77051,106.70337__10.79416,106.72104","10.77051,106.70337__10.79416,106.72104",directed_pair_key_by_code,4.8,101.0,,1 hr 50 min,,30.963,96.2,96.2,20.0417,SUSPECT_CHANGED,HIGH
20871,20873,90000000,CN Thành phố Hồ Chí Minh,106.7033737,10.7705105,90630000,PGD Ba Tháng Hai,106.6689899,10.7688156,3.760692233560908,TP. Hồ Chí Minh,209,71,"1 hr 54 min
102 km",102.0,1 hr 54 min,part/output_part_209/ket_qua_tu_0_den_99.xlsx,original_output,ok,90000000__90630000,90000000__90630000,"10.77051,106.70337__10.76882,106.66899","10.76882,106.66899__10.77051,106.70337",directed_pair_key_by_code,5.9,102.0,,1 hr 54 min,,27.1227,96.1,96.1,16.2881,SUSPECT_CHANGED,HIGH
20899,20901,90000000,CN Thành phố Hồ Chí Minh,106.7033737,10.7705105,92233000,PGD Bình Thới,106.6552691,10.7644821,5.29739973993038,TP. Hồ Chí Minh,209,99,"1 hr 54 min
104 km",104.0,1 hr 54 min,part/output_part_209/ket_qua_tu_0_den_99.xlsx,original_output,ok,90000000__92233000,90000000__92233000,"10.77051,106.70337__10.76448,106.65527","10.76448,106.65527__10.77051,106.70337",directed_pair_key_by_code,8.2,104.0,,1 hr 54 min,,19.6323,95.8,95.8,11.6829,SUSPECT_CHANGED,HIGH
20876,20878,90000000,CN Thành phố Hồ Chí Minh,106.7033737,10.7705105,90830000,PGD KCX Tân Thuận,106.7306059,10.736381,4.822070780926259,TP. Hồ Chí Minh,209,76,"2 hr
104 km",104.0,2 hr,part/output_part_209/ket_qua_tu_0_den_99.xlsx,original_output,ok,90000000__90830000,90000000__90830000,"10.77051,106.70337__10.73638,106.73061","10.73638,106.73061__10.77051,106.70337",directed_pair_key_by_code,8.3,104.0,,2 hr,,21.5675,95.7,95.7,11.5301,SUSPECT_CHANGED,HIGH
19806,19808,88030000,PGD Nguyễn An Ninh,107.0898627,10.3656844,94031000,PGD Ngô Gia Tự,106.6748391,10.7670545,63.63913558055885,TP. Hồ Chí Minh,199,6,"5 min
2.5 km",2.5,5 min,part/output_part_199/ket_qua_tu_0_den_99.xlsx,original_output,ok,88030000__94031000,88030000__94031000,"10.36568,107.08986__10.76705,106.67484","10.36568,107.08986__10.76705,106.67484",directed_pair_key_by_code,98.2,2.5,,5 min,,0.0393,-95.7,95.7,0.9745,SUSPECT_CHANGED,HIGH
20793,20795,88041000,PGD Xuyên Mộc,107.4095097,10.5384199,92636000,PGD LaKai,106.6683425,10.7614071,84.70477674178917,TP. Hồ Chí Minh,208,93,"10 min
3.9 km",3.9,10 min,part/output_part_208/ket_qua_tu_0_den_99.xlsx,original_output,ok,88041000__92636000,88041000__92636000,"10.53842,107.40951__10.76141,106.66834","10.53842,107.40951__10.76141,106.66834",directed_pair_key_by_code,99.6,3.9,,10 min,,0.046,-95.7,95.7,0.9608,SUSPECT_CHANGED,HIGH
19450,19452,64036000,PGD Bàu Bàng,106.6362417,11.2429544,88039000,PGD Châu Đức,107.2451534,10.6454008,93.98950470068256,TP. Hồ Chí Minh,195,50,"29 min
18.3 km",18.3,29 min,part/output_part_195/ket_qua_tu_0_den_99.xlsx,original_output,ok,64036000__88039000,64036000__88039000,"11.24295,106.63624__10.64540,107.24515","10.64540,107.24515__11.24295,106.63624",directed_pair_key_by_code,114.0,18.3,,29 min,,0.1947,-95.7,95.7,0.8395,SUSPECT_CHANGED,HIGH
20797,20799,88041000,PGD Xuyên Mộc,107.4095097,10.5384199,92835000,PGD Cây Trâm,106.6478401,10.8439536,89.89099668650164,TP. Hồ Chí Minh,208,97,"18 min
7.4 km",7.4,18 min,part/output_part_208/ket_qua_tu_0_den_99.xlsx,original_output,ok,88041000__92835000,88041000__92835000,"10.53842,107.40951__10.84395,106.64784","10.53842,107.40951__10.84395,106.64784",directed_pair_key_by_code,103.0,7.4,,18 min,,0.0823,-95.6,95.6,0.9282,SUSPECT_CHANGED,HIGH
20856,20858,90000000,CN Thành phố Hồ Chí Minh,106.7033737,10.7705105,90233000,PGD Sala,106.7243851,10.769637,2.297263459622654,TP. Hồ Chí Minh,209,56,"1 hr 46 min
99.5 km",99.5,1 hr 46 min,part/output_part_209/ket_qua_tu_0_den_99.xlsx,original_output,ok,90000000__90233000,90000000__90233000,"10.77051,106.70337__10.76964,106.72439","10.76964,106.72439__10.77051,106.70337",directed_pair_key_by_code,4.0,99.5,,1 hr 46 min,,43.3124,95.5,95.5,23.875,SUSPECT_CHANGED,HIGH
20771,20773,88041000,PGD Xuyên Mộc,107.4095097,10.5384199,92031000,PGD Phan Phú Tiên,106.6654307,10.7522131,84.71772749387318,TP. Hồ Chí Minh,208,71,"11 min
2.6 km",2.6,11 min,part/output_part_208/ket_qua_tu_0_den_99.xlsx,original_output,ok,88041000__92031000,88041000__92031000,"10.53842,107.40951__10.75221,106.66543","10.53842,107.40951__10.75221,106.66543",directed_pair_key_by_code,98.0,2.6,,11 min,,0.0307,-95.4,95.4,0.9735,SUSPECT_CHANGED,HIGH
20857,20859,90000000,CN Thành phố Hồ Chí Minh,106.7033737,10.7705105,90235000,PGD Trần Hưng Đạo,106.6935312,10.7656379,1.203968219270957,TP. Hồ Chí Minh,209,57,"1 hr 35 min
97.0 km",97.0,1 hr 35 min,part/output_part_209/ket_qua_tu_0_den_99.xlsx,original_output,ok,90000000__90235000,90000000__90235000,"10.77051,106.70337__10.76564,106.69353","10.76564,106.69353__10.77051,106.70337",directed_pair_key_by_code,2.0,97.0,,1 hr 35 min,,80.5669,95.0,95.0,47.5,SUSPECT_CHANGED,HIGH
20772,20774,88041000,PGD Xuyên Mộc,107.4095097,10.5384199,92033000,PGD Hoa Việt,106.6587496,10.7525874,85.43030091474677,TP. Hồ Chí Minh,208,72,"17 min
4.2 km",4.2,17 min,part/output_part_208/ket_qua_tu_0_den_99.xlsx,original_output,ok,88041000__92033000,88041000__92033000,"10.53842,107.40951__10.75259,106.65875","10.53842,107.40951__10.75259,106.65875",directed_pair_key_by_code,99.0,4.2,,17 min,,0.0492,-94.8,94.8,0.9576,SUSPECT_CHANGED,HIGH
20866,20868,90000000,CN Thành phố Hồ Chí Minh,106.7033737,10.7705105,90400000,CN 2 Thành phố Hồ Chí Minh,106.682211,10.7959893,3.656530010878408,TP. Hồ Chí Minh,209,66,"1 hr 47 min
99.1 km",99.1,1 hr 47 min,part/output_part_209/ket_qua_tu_0_den_99.xlsx,original_output,ok,90000000__90400000,90000000__90400000,"10.77051,106.70337__10.79599,106.68221","10.77051,106.70337__10.79599,106.68221",directed_pair_key_by_code,4.4,99.1,,1 hr 47 min,,27.1022,94.7,94.7,21.5227,SUSPECT_CHANGED,HIGH
20860,20862,90000000,CN Thành phố Hồ Chí Minh,106.7033737,10.7705105,90300000,CN Thủ Thiêm,106.7293726,10.7875464,3.413747165320013,TP. Hồ Chí Minh,209,60,"1 hr 51 min
100.0 km",100.0,1 hr 51 min,part/output_part_209/ket_qua_tu_0_den_99.xlsx,original_output,ok,90000000__90300000,90000000__90300000,"10.77051,106.70337__10.78755,106.72937","10.77051,106.70337__10.78755,106.72937",directed_pair_key_by_code,5.3,100.0,,1 hr 51 min,,29.2933,94.7,94.7,17.8679,SUSPECT_CHANGED,HIGH
20798,20800,88041000,PGD Xuyên Mộc,107.4095097,10.5384199,92836000,PGD Hạnh Thông Tây,106.6595606,10.8359748,88.3716813882721,TP. Hồ Chí Minh,208,98,"23 min
6.5 km",6.5,23 min,part/output_part_208/ket_qua_tu_0_den_99.xlsx,original_output,ok,88041000__92836000,88041000__92836000,"10.53842,107.40951__10.83597,106.65956","10.53842,107.40951__10.83597,106.65956",directed_pair_key_by_code,101.0,6.5,,23 min,,0.0736,-94.5,94.5,0.9356,SUSPECT_CHANGED,HIGH
20792,20794,88041000,PGD Xuyên Mộc,107.4095097,10.5384199,92633000,PGD Bình Đăng,106.6559066,10.7348645,85.20463607371323,TP. Hồ Chí Minh,208,92,"18 min
6.7 km",6.7,18 min,part/output_part_208/ket_qua_tu_0_den_99.xlsx,original_output,ok,88041000__92633000,88041000__92633000,"10.53842,107.40951__10.73486,106.65591","10.53842,107.40951__10.73486,106.65591",directed_pair_key_by_code,101.0,6.7,,18 min,,0.0786,-94.3,94.3,0.9337,SUSPECT_CHANGED,HIGH
19349,19351,64035000,PGD Tân Đông Hiệp,106.7422824,10.9280524,90431000,PGD Phú Nhuận,106.680485,10.799081,15.84944807645752,TP. Hồ Chí Minh,194,49,"2 hr 41 min
114 km",114.0,2 hr 41 min,part/output_part_194/ket_qua_tu_0_den_99.xlsx,original_output,ok,64035000__90431000,64035000__90431000,"10.92805,106.74228__10.79908,106.68049","10.79908,106.68049__10.92805,106.74228",directed_pair_key_by_code,19.8,114.0,,2 hr 41 min,,7.1927,94.2,94.2,4.7576,SUSPECT_CHANGED,HIGH
20883,20885,90000000,CN Thành phố Hồ Chí Minh,106.7033737,10.7705105,91031000,PGD Trần Xuân Soạn,106.7055348,10.7517129,2.103490295415603,TP. Hồ Chí Minh,209,83,"1 hr 44 min
99.0 km",99.0,1 hr 44 min,part/output_part_209/ket_qua_tu_0_den_99.xlsx,original_output,ok,90000000__91031000,90000000__91031000,"10.77051,106.70337__10.75171,106.70553","10.75171,106.70553__10.77051,106.70337",directed_pair_key_by_code,4.9,99.0,,1 hr 44 min,,47.0646,94.1,94.1,19.2041,SUSPECT_CHANGED,HIGH
19577,19579,88000000,CN Bà Rịa - Vũng Tàu,107.0753056,10.3481944,88032000,PGD Thắng Nhất,107.1119125,10.3980829,6.841418049188691,TP. Hồ Chí Minh,196,77,"1 hr 41 min
102 km",102.0,1 hr 41 min,part/output_part_196/ket_qua_tu_0_den_99.xlsx,original_output,ok,88000000__88032000,88000000__88032000,"10.34819,107.07531__10.39808,107.11191","10.34819,107.07531__10.39808,107.11191",directed_pair_key_by_code,8.0,102.0,,1 hr 41 min,,14.9092,94.0,94.0,11.75,SUSPECT_CHANGED,HIGH
20869,20871,90000000,CN Thành phố Hồ Chí Minh,106.7033737,10.7705105,90434000,PGD Thái Sơn,106.687313,10.824671,6.272676876938037,TP. Hồ Chí Minh,209,69,"1 hr 55 min
102 km",102.0,1 hr 55 min,part/output_part_209/ket_qua_tu_0_den_99.xlsx,original_output,ok,90000000__90434000,90000000__90434000,"10.77051,106.70337__10.82467,106.68731","10.77051,106.70337__10.82467,106.68731",directed_pair_key_by_code,8.0,102.0,,1 hr 55 min,,16.261,94.0,94.0,11.75,SUSPECT_CHANGED,HIGH
19707,19709,88030000,PGD Nguyễn An Ninh,107.0898627,10.3656844,88032000,PGD Thắng Nhất,107.1119125,10.3980829,4.335278347374629,TP. Hồ Chí Minh,198,7,"1 hr 39 min
99.8 km",99.8,1 hr 39 min,part/output_part_198/ket_qua_tu_0_den_99.xlsx,original_output,ok,88030000__88032000,88030000__88032000,"10.36568,107.08986__10.39808,107.11191","10.36568,107.08986__10.39808,107.11191",directed_pair_key_by_code,5.9,99.8,,1 hr 39 min,,23.0204,93.9,93.9,15.9153,SUSPECT_CHANGED,HIGH
20778,20780,88041000,PGD Xuyên Mộc,107.4095097,10.5384199,92233000,PGD Bình Thới,106.6552691,10.7644821,86.17059129063301,TP. Hồ Chí Minh,208,78,"28 min
7.3 km",7.3,28 min,part/output_part_208/ket_qua_tu_0_den_99.xlsx,original_output,ok,88041000__92233000,88041000__92233000,"10.53842,107.40951__10.76448,106.65527","10.53842,107.40951__10.76448,106.65527",directed_pair_key_by_code,101.0,7.3,,28 min,,0.0847,-93.7,93.7,0.9277,SUSPECT_CHANGED,HIGH
20784,20786,88041000,PGD Xuyên Mộc,107.4095097,10.5384199,92430000,PGD Thạnh Mỹ Tây,106.7088421,10.7941214,81.6734490588551,TP. Hồ Chí Minh,208,84,"5 min
1.9 km",1.9,5 min,part/output_part_208/ket_qua_tu_0_den_99.xlsx,original_output,ok,88041000__92430000,88041000__92430000,"10.53842,107.40951__10.79412,106.70884","10.53842,107.40951__10.79412,106.70884",directed_pair_key_by_code,95.5,1.9,,5 min,,0.0233,-93.6,93.6,0.9801,SUSPECT_CHANGED,HIGH
20862,20864,90000000,CN Thành phố Hồ Chí Minh,106.7033737,10.7705105,90331000,PGD Bình Trưng Tây,106.7566664,10.788686,6.162165364206144,TP. Hồ Chí Minh,209,62,"1 hr 53 min
102 km",102.0,1 hr 53 min,part/output_part_209/ket_qua_tu_0_den_99.xlsx,original_output,ok,90000000__90331000,90000000__90331000,"10.77051,106.70337__10.78869,106.75667","10.77051,106.70337__10.78869,106.75667",directed_pair_key_by_code,8.5,102.0,,1 hr 53 min,,16.5526,93.5,93.5,11.0,SUSPECT_CHANGED,HIGH
19807,19809,88030000,PGD Nguyễn An Ninh,107.0898627,10.3656844,94032000,PGD Ngô Quyền,106.664916,10.7625387,64.07023465262549,TP. Hồ Chí Minh,199,7,"9 min
5.9 km",5.9,9 min,part/output_part_199/ket_qua_tu_0_den_99.xlsx,original_output,ok,88030000__94032000,88030000__94032000,"10.36568,107.08986__10.76254,106.66492","10.36568,107.08986__10.76254,106.66492",directed_pair_key_by_code,99.3,5.9,,9 min,,0.0921,-93.4,93.4,0.9406,SUSPECT_CHANGED,HIGH
20773,20775,88041000,PGD Xuyên Mộc,107.4095097,10.5384199,92037000,PGD Nancy,106.68175,10.7565278,83.14563107304302,TP. Hồ Chí Minh,208,73,"14 min
3.1 km",3.1,14 min,part/output_part_208/ket_qua_tu_0_den_99.xlsx,original_output,ok,88041000__92037000,88041000__92037000,"10.53842,107.40951__10.75653,106.68175","10.53842,107.40951__10.75653,106.68175",directed_pair_key_by_code,96.3,3.1,,14 min,,0.0373,-93.2,93.2,0.9678,SUSPECT_CHANGED,HIGH
20756,20758,88041000,PGD Xuyên Mộc,107.4095097,10.5384199,90831000,PGD Bến Vân Đồn,106.6936118,10.7582238,81.96244055584417,TP. Hồ Chí Minh,208,56,"7 min
2.0 km",2.0,7 min,part/output_part_208/ket_qua_tu_0_den_99.xlsx,original_output,ok,88041000__90831000,88041000__90831000,"10.53842,107.40951__10.75822,106.69361","10.53842,107.40951__10.75822,106.69361",directed_pair_key_by_code,95.1,2.0,,7 min,,0.0244,-93.1,93.1,0.979,SUSPECT_CHANGED,HIGH
20777,20779,88041000,PGD Xuyên Mộc,107.4095097,10.5384199,92231000,PGD Chợ Lớn,106.6529332,10.7505148,85.97768006394013,TP. Hồ Chí Minh,208,77,"18 min
6.5 km",6.5,18 min,part/output_part_208/ket_qua_tu_0_den_99.xlsx,original_output,ok,88041000__92231000,88041000__92231000,"10.53842,107.40951__10.75051,106.65293","10.53842,107.40951__10.75051,106.65293",directed_pair_key_by_code,99.5,6.5,,18 min,,0.0756,-93.0,93.0,0.9347,SUSPECT_CHANGED,HIGH
20886,20888,90000000,CN Thành phố Hồ Chí Minh,106.7033737,10.7705105,91034000,PGD Trung Sơn,106.6897068,10.7315771,4.579420698457008,TP. Hồ Chí Minh,209,86,"1 hr 43 min
99.7 km",99.7,1 hr 43 min,part/output_part_209/ket_qua_tu_0_den_99.xlsx,original_output,ok,90000000__91034000,90000000__91034000,"10.77051,106.70337__10.73158,106.68971","10.73158,106.68971__10.77051,106.70337",directed_pair_key_by_code,6.9,99.7,,1 hr 43 min,,21.7713,92.8,92.8,13.4493,SUSPECT_CHANGED,HIGH
19677,19679,88000000,CN Bà Rịa - Vũng Tàu,107.0753056,10.3481944,94032000,PGD Ngô Quyền,106.664916,10.7625387,64.30579497783104,TP. Hồ Chí Minh,197,77,"13 min
9.2 km",9.2,13 min,part/output_part_197/ket_qua_tu_0_den_99.xlsx,original_output,ok,88000000__94032000,88000000__94032000,"10.34819,107.07531__10.76254,106.66492","10.34819,107.07531__10.76254,106.66492",directed_pair_key_by_code,102.0,9.2,,13 min,,0.1431,-92.8,92.8,0.9098,SUSPECT_CHANGED,HIGH
20765,20767,88041000,PGD Xuyên Mộc,107.4095097,10.5384199,91034000,PGD Trung Sơn,106.6897068,10.7315771,81.54311156661372,TP. Hồ Chí Minh,208,65,"16 min
4.4 km",4.4,16 min,part/output_part_208/ket_qua_tu_0_den_99.xlsx,original_output,ok,88041000__91034000,88041000__91034000,"10.53842,107.40951__10.73158,106.68971","10.53842,107.40951__10.73158,106.68971",directed_pair_key_by_code,97.1,4.4,,16 min,,0.054,-92.7,92.7,0.9547,SUSPECT_CHANGED,HIGH
28990,28992,17230000,PGD Chợ Mới,105.780785,21.881716,22038000,PGD Phú Lương,105.7056806,21.7280313,18.76576177656483,Thái Nguyên,290,90,"31 min
24.3 km",24.3,31 min,part/output_part_290/ket_qua_tu_0_den_99.xlsx,original_output,ok,17230000__22038000,17230000__22038000,"21.88172,105.78078__21.72803,105.70568","21.72803,105.70568__21.88172,105.78078",directed_pair_key_by_code,117.0,24.3,,31 min,,1.2949,-92.7,92.7,0.7923,SUSPECT_CHANGED,HIGH
18918,18920,64032000,PGD Mỹ Phước,106.6070371,11.1326431,88041000,PGD Xuyên Mộc,107.4095097,10.5384199,109.7568701644555,TP. Hồ Chí Minh,190,18,"1 hr 11 min
45.6 km",45.6,1 hr 11 min,part/output_part_190/ket_qua_tu_0_den_99.xlsx,original_output,ok,64032000__88041000,64032000__88041000,"11.13264,106.60704__10.53842,107.40951","10.53842,107.40951__11.13264,106.60704",directed_pair_key_by_code,138.0,45.6,,1 hr 11 min,,0.4155,-92.4,92.4,0.6696,SUSPECT_CHANGED,HIGH
20840,20842,90000000,CN Thành phố Hồ Chí Minh,106.7033737,10.7705105,90030000,PGD Bến Thành,106.6975114,10.7719804,0.6609033544341025,TP. Hồ Chí Minh,209,40,"1 hr 33 min
93.3 km",93.3,1 hr 33 min,part/output_part_209/ket_qua_tu_0_den_99.xlsx,original_output,ok,90000000__90030000,90000000__90030000,"10.77051,106.70337__10.77198,106.69751","10.77051,106.70337__10.77198,106.69751",directed_pair_key_by_code,0.95,93.3,,1 hr 33 min,,141.1704,92.35,92.35,97.2105,SUSPECT_CHANGED,HIGH
20888,20890,90000000,CN Thành phố Hồ Chí Minh,106.7033737,10.7705105,91232000,PGD Tân Phú,106.64491,10.778592,6.449181365363475,TP. Hồ Chí Minh,209,88,"1 hr 57 min
103 km",103.0,1 hr 57 min,part/output_part_209/ket_qua_tu_0_den_99.xlsx,original_output,ok,90000000__91232000,90000000__91232000,"10.77051,106.70337__10.77859,106.64491","10.77051,106.70337__10.77859,106.64491",directed_pair_key_by_code,10.7,103.0,,1 hr 57 min,,15.971,92.3,92.3,8.6262,SUSPECT_CHANGED,HIGH
20861,20863,90000000,CN Thành phố Hồ Chí Minh,106.7033737,10.7705105,90330000,PGD An Phú,106.7385273,10.7978598,4.898260037066202,TP. Hồ Chí Minh,209,61,"1 hr 46 min
99.1 km",99.1,1 hr 46 min,part/output_part_209/ket_qua_tu_0_den_99.xlsx,original_output,ok,90000000__90330000,90000000__90330000,"10.77051,106.70337__10.79786,106.73853","10.77051,106.70337__10.79786,106.73853",directed_pair_key_by_code,6.9,99.1,,1 hr 46 min,,20.2317,92.2,92.2,13.3623,SUSPECT_CHANGED,HIGH
20767,20769,88041000,PGD Xuyên Mộc,107.4095097,10.5384199,91232000,PGD Tân Phú,106.64491,10.778592,87.71702760667476,TP. Hồ Chí Minh,208,67,"33 min
10.8 km",10.8,33 min,part/output_part_208/ket_qua_tu_0_den_99.xlsx,original_output,ok,88041000__91232000,88041000__91232000,"10.53842,107.40951__10.77859,106.64491","10.53842,107.40951__10.77859,106.64491",directed_pair_key_by_code,103.0,10.8,,33 min,,0.1231,-92.2,92.2,0.8951,SUSPECT_CHANGED,HIGH
28986,28988,17230000,PGD Chợ Mới,105.780785,21.881716,22033000,PGD Đại Phúc,105.6381777,21.6326242,31.36987700483949,Thái Nguyên,290,86,"1 hr
45.8 km",45.8,1 hr,part/output_part_290/ket_qua_tu_0_den_99.xlsx,original_output,ok,17230000__22033000,17230000__22033000,"21.88172,105.78078__21.63262,105.63818","21.63262,105.63818__21.88172,105.78078",directed_pair_key_by_code,138.0,45.8,,1 hr,,1.46,-92.2,92.2,0.6681,SUSPECT_CHANGED,HIGH
20770,20772,88041000,PGD Xuyên Mộc,107.4095097,10.5384199,92030000,PGD Hòa Bình,106.6749817,10.7525802,83.72798517565143,TP. Hồ Chí Minh,208,70,"16 min
4.6 km",4.6,16 min,part/output_part_208/ket_qua_tu_0_den_99.xlsx,original_output,ok,88041000__92030000,88041000__92030000,"10.53842,107.40951__10.75258,106.67498","10.53842,107.40951__10.75258,106.67498",directed_pair_key_by_code,96.6,4.6,,16 min,,0.0549,-92.0,92.0,0.9524,SUSPECT_CHANGED,HIGH
20789,20791,88041000,PGD Xuyên Mộc,107.4095097,10.5384199,92630000,PGD Hưng Phú,106.6785721,10.7502016,83.27702259705303,TP. Hồ Chí Minh,208,89,"14 min
5.2 km",5.2,14 min,part/output_part_208/ket_qua_tu_0_den_99.xlsx,original_output,ok,88041000__92630000,88041000__92630000,"10.53842,107.40951__10.75020,106.67857","10.53842,107.40951__10.75020,106.67857",directed_pair_key_by_code,96.8,5.2,,14 min,,0.0624,-91.6,91.6,0.9463,SUSPECT_CHANGED,HIGH
18499,18501,64000000,CN Bình Dương,106.6670338,10.982933,88030000,PGD Nguyễn An Ninh,107.0898627,10.3656844,82.73723886697672,TP. Hồ Chí Minh,185,99,"29 min
21.5 km",21.5,29 min,part/output_part_185/ket_qua_tu_0_den_99.xlsx,original_output,ok,64000000__88030000,64000000__88030000,"10.98293,106.66703__10.36568,107.08986","10.36568,107.08986__10.98293,106.66703",directed_pair_key_by_code,113.0,21.5,,29 min,,0.2599,-91.5,91.5,0.8097,SUSPECT_CHANGED,HIGH
28982,28984,17230000,PGD Chợ Mới,105.780785,21.881716,22000000,CN Thái Nguyên,105.8333839,21.5921491,32.65354144077946,Thái Nguyên,290,82,"53 min
42.6 km",42.6,53 min,part/output_part_290/ket_qua_tu_0_den_99.xlsx,original_output,ok,17230000__22000000,17230000__22000000,"21.88172,105.78078__21.59215,105.83338","21.59215,105.83338__21.88172,105.78078",directed_pair_key_by_code,134.0,42.6,,53 min,,1.3046,-91.4,91.4,0.6821,SUSPECT_CHANGED,HIGH
29002,29004,17230000,PGD Chợ Mới,105.780785,21.881716,22433000,PGD Cách mạng tháng 8,105.851061,21.5734965,35.03282845228787,Thái Nguyên,291,2,"58 min
48.6 km",48.6,58 min,part/output_part_291/ket_qua_tu_0_den_99.xlsx,original_output,ok,17230000__22433000,17230000__22433000,"21.88172,105.78078__21.57350,105.85106","21.57350,105.85106__21.88172,105.78078",directed_pair_key_by_code,140.0,48.6,,58 min,,1.3873,-91.4,91.4,0.6529,SUSPECT_CHANGED,HIGH
28983,28985,17230000,PGD Chợ Mới,105.780785,21.881716,22030000,PGD Lương Ngọc Quyến,105.8269371,21.5903786,32.74414178130905,Thái Nguyên,290,83,"52 min
41.7 km",41.7,52 min,part/output_part_290/ket_qua_tu_0_den_99.xlsx,original_output,ok,17230000__22030000,17230000__22030000,"21.88172,105.78078__21.59038,105.82694","21.59038,105.82694__21.88172,105.78078",directed_pair_key_by_code,133.0,41.7,,52 min,,1.2735,-91.3,91.3,0.6865,SUSPECT_CHANGED,HIGH
28994,28996,17230000,PGD Chợ Mới,105.780785,21.881716,22231000,PGD Phố Cò,105.8588647,21.4466577,49.04462970937973,Thái Nguyên,290,94,"1 hr 6 min
59.9 km",59.9,1 hr 6 min,part/output_part_290/ket_qua_tu_0_den_99.xlsx,original_output,ok,17230000__22231000,17230000__22231000,"21.88172,105.78078__21.44666,105.85886","21.44666,105.85886__21.88172,105.78078",directed_pair_key_by_code,151.0,59.9,,1 hr 6 min,,1.2213,-91.1,91.1,0.6033,SUSPECT_CHANGED,HIGH
29001,29003,17230000,PGD Chợ Mới,105.780785,21.881716,22432000,PGD Đồng Tiến,105.8857664,21.4123732,53.30455420050509,Thái Nguyên,291,1,"1 hr 9 min
65.9 km",65.9,1 hr 9 min,part/output_part_291/ket_qua_tu_0_den_99.xlsx,original_output,ok,17230000__22432000,17230000__22432000,"21.88172,105.78078__21.41237,105.88577","21.41237,105.88577__21.88172,105.78078",directed_pair_key_by_code,157.0,65.9,,1 hr 9 min,,1.2363,-91.1,91.1,0.5803,SUSPECT_CHANGED,HIGH
20791,20793,88041000,PGD Xuyên Mộc,107.4095097,10.5384199,92632000,PGD Rạch Ông,106.6853914,10.7475944,82.4805883463189,TP. Hồ Chí Minh,208,91,"13 min
5.6 km",5.6,13 min,part/output_part_208/ket_qua_tu_0_den_99.xlsx,original_output,ok,88041000__92632000,88041000__92632000,"10.53842,107.40951__10.74759,106.68539","10.53842,107.40951__10.74759,106.68539",directed_pair_key_by_code,96.6,5.6,,13 min,,0.0679,-91.0,91.0,0.942,SUSPECT_CHANGED,HIGH
28989,28991,17230000,PGD Chợ Mới,105.780785,21.881716,22037000,PGD Tân Long,105.795553,21.6165884,29.5203133227484,Thái Nguyên,290,89,"44 min
37.0 km",37.0,44 min,part/output_part_290/ket_qua_tu_0_den_99.xlsx,original_output,ok,17230000__22037000,17230000__22037000,"21.88172,105.78078__21.61659,105.79555","21.61659,105.79555__21.88172,105.78078",directed_pair_key_by_code,128.0,37.0,,44 min,,1.2534,-91.0,91.0,0.7109,SUSPECT_CHANGED,HIGH
28987,28989,17230000,PGD Chợ Mới,105.780785,21.881716,22034000,PGD Chợ Thái,105.8444373,21.5980113,32.22434885270601,Thái Nguyên,290,87,"54 min
43.0 km",43.0,54 min,part/output_part_290/ket_qua_tu_0_den_99.xlsx,original_output,ok,17230000__22034000,17230000__22034000,"21.88172,105.78078__21.59801,105.84444","21.59801,105.84444__21.88172,105.78078",directed_pair_key_by_code,134.0,43.0,,54 min,,1.3344,-91.0,91.0,0.6791,SUSPECT_CHANGED,HIGH
28996,28998,17230000,PGD Chợ Mới,105.780785,21.881716,22233000,PGD TTTM Phổ Yên,105.8723594,21.4066434,53.66691337085533,Thái Nguyên,290,96,"1 hr 9 min
66.0 km",66.0,1 hr 9 min,part/output_part_290/ket_qua_tu_0_den_99.xlsx,original_output,ok,17230000__22233000,17230000__22233000,"21.88172,105.78078__21.40664,105.87236","21.40664,105.87236__21.88172,105.78078",directed_pair_key_by_code,157.0,66.0,,1 hr 9 min,,1.2298,-91.0,91.0,0.5796,SUSPECT_CHANGED,HIGH
28997,28999,17230000,PGD Chợ Mới,105.780785,21.881716,22234000,PGD Thanh Xuyên,105.874039,21.3675576,57.97883020883957,Thái Nguyên,290,97,"1 hr 14 min
70.1 km",70.1,1 hr 14 min,part/output_part_290/ket_qua_tu_0_den_99.xlsx,original_output,ok,17230000__22234000,17230000__22234000,"21.88172,105.78078__21.36756,105.87404","21.36756,105.87404__21.88172,105.78078",directed_pair_key_by_code,161.0,70.1,,1 hr 14 min,,1.2091,-90.9,90.9,0.5646,SUSPECT_CHANGED,HIGH
28984,28986,17230000,PGD Chợ Mới,105.780785,21.881716,22031000,PGD Đán,105.8102556,21.5683041,34.98256864410578,Thái Nguyên,290,84,"50 min
43.2 km",43.2,50 min,part/output_part_290/ket_qua_tu_0_den_99.xlsx,original_output,ok,17230000__22031000,17230000__22031000,"21.88172,105.78078__21.56830,105.81026","21.56830,105.81026__21.88172,105.78078",directed_pair_key_by_code,134.0,43.2,,50 min,,1.2349,-90.8,90.8,0.6776,SUSPECT_CHANGED,HIGH
28993,28995,17230000,PGD Chợ Mới,105.780785,21.881716,22230000,PGD Ba Hàng,105.8679716,21.4241285,51.67316109265061,Thái Nguyên,290,93,"1 hr 9 min
62.2 km",62.2,1 hr 9 min,part/output_part_290/ket_qua_tu_0_den_99.xlsx,original_output,ok,17230000__22230000,17230000__22230000,"21.88172,105.78078__21.42413,105.86797","21.42413,105.86797__21.88172,105.78078",directed_pair_key_by_code,153.0,62.2,,1 hr 9 min,,1.2037,-90.8,90.8,0.5935,SUSPECT_CHANGED,HIGH
28998,29000,17230000,PGD Chợ Mới,105.780785,21.881716,22400000,CN Lưu Xá,105.8756154,21.5395112,39.29237043043446,Thái Nguyên,290,98,"1 hr 1 min
51.3 km",51.3,1 hr 1 min,part/output_part_290/ket_qua_tu_0_den_99.xlsx,original_output,ok,17230000__22400000,17230000__22400000,"21.88172,105.78078__21.53951,105.87562","21.53951,105.87562__21.88172,105.78078",directed_pair_key_by_code,142.0,51.3,,1 hr 1 min,,1.3056,-90.7,90.7,0.6387,SUSPECT_CHANGED,HIGH
20884,20886,90000000,CN Thành phố Hồ Chí Minh,106.7033737,10.7705105,91032000,PGD Hùynh Tấn Phát,106.7368263,10.7145422,7.217105873357499,TP. Hồ Chí Minh,209,84,"1 hr 42 min
99.3 km",99.3,1 hr 42 min,part/output_part_209/ket_qua_tu_0_den_99.xlsx,original_output,ok,90000000__91032000,90000000__91032000,"10.77051,106.70337__10.71454,106.73683","10.71454,106.73683__10.77051,106.70337",directed_pair_key_by_code,8.7,99.3,,1 hr 42 min,,13.759,90.6,90.6,10.4138,SUSPECT_CHANGED,HIGH
28991,28993,17230000,PGD Chợ Mới,105.780785,21.881716,22041000,PGD Tân Lập,105.8304473,21.5560468,36.57439699408825,Thái Nguyên,290,91,"52 min
45.4 km",45.4,52 min,part/output_part_290/ket_qua_tu_0_den_99.xlsx,original_output,ok,17230000__22041000,17230000__22041000,"21.88172,105.78078__21.55605,105.83045","21.55605,105.83045__21.88172,105.78078",directed_pair_key_by_code,136.0,45.4,,52 min,,1.2413,-90.6,90.6,0.6662,SUSPECT_CHANGED,HIGH
29000,29002,17230000,PGD Chợ Mới,105.780785,21.881716,22431000,PGD Trung Thành,105.8701418,21.544298,38.63811729842275,Thái Nguyên,291,0,"1 時間
50.4 km",50.4,1 時間,part/output_part_291/ket_qua_tu_0_den_99.xlsx,original_output,ok,17230000__22431000,17230000__22431000,"21.88172,105.78078__21.54430,105.87014","21.54430,105.87014__21.88172,105.78078",directed_pair_key_by_code,141.0,50.4,,1 時間,,1.3044,-90.6,90.6,0.6426,SUSPECT_CHANGED,HIGH
28992,28994,17230000,PGD Chợ Mới,105.780785,21.881716,22200000,CN Nam Thái Nguyên,105.8440458,21.4720158,46.02323352135339,Thái Nguyên,290,92,"1 hr 6 min
58.4 km",58.4,1 hr 6 min,part/output_part_290/ket_qua_tu_0_den_99.xlsx,original_output,ok,17230000__22200000,17230000__22200000,"21.88172,105.78078__21.47202,105.84405","21.47202,105.84405__21.88172,105.78078",directed_pair_key_by_code,149.0,58.4,,1 hr 6 min,,1.2689,-90.6,90.6,0.6081,SUSPECT_CHANGED,HIGH
28985,28987,17230000,PGD Chợ Mới,105.780785,21.881716,22032000,PGD Núi Voi,105.8448832,21.628665,28.90622191469904,Thái Nguyên,290,85,"52 min
43.5 km",43.5,52 min,part/output_part_290/ket_qua_tu_0_den_99.xlsx,original_output,ok,17230000__22032000,17230000__22032000,"21.88172,105.78078__21.62867,105.84488","21.62867,105.84488__21.88172,105.78078",directed_pair_key_by_code,134.0,43.5,,52 min,,1.5049,-90.5,90.5,0.6754,SUSPECT_CHANGED,HIGH
28999,29001,17230000,PGD Chợ Mới,105.780785,21.881716,22430000,PGD Tích Lương,105.8482136,21.5480516,37.75005662905039,Thái Nguyên,290,99,"55 min
47.5 km",47.5,55 min,part/output_part_290/ket_qua_tu_0_den_99.xlsx,original_output,ok,17230000__22430000,17230000__22430000,"21.88172,105.78078__21.54805,105.84821","21.54805,105.84821__21.88172,105.78078",directed_pair_key_by_code,138.0,47.5,,55 min,,1.2583,-90.5,90.5,0.6558,SUSPECT_CHANGED,HIGH
28995,28997,17230000,PGD Chợ Mới,105.780785,21.881716,22232000,PGD KCN Sông Công,105.8731728,21.4804189,45.63198022883744,Thái Nguyên,290,95,"1 hr 1 min
55.5 km",55.5,1 hr 1 min,part/output_part_290/ket_qua_tu_0_den_99.xlsx,original_output,ok,17230000__22232000,17230000__22232000,"21.88172,105.78078__21.48042,105.87317","21.48042,105.87317__21.88172,105.78078",directed_pair_key_by_code,146.0,55.5,,1 hr 1 min,,1.2163,-90.5,90.5,0.6199,SUSPECT_CHANGED,HIGH
28988,28990,17230000,PGD Chợ Mới,105.780785,21.881716,22036000,PGD Quán Triều,105.8092811,21.6106256,30.28725510603379,Thái Nguyên,290,88,"46 min
38.6 km",38.6,46 min,part/output_part_290/ket_qua_tu_0_den_99.xlsx,original_output,ok,17230000__22036000,17230000__22036000,"21.88172,105.78078__21.61063,105.80928","21.61063,105.80928__21.88172,105.78078",directed_pair_key_by_code,129.0,38.6,,46 min,,1.2745,-90.4,90.4,0.7008,SUSPECT_CHANGED,HIGH
29003,29005,17230000,PGD Chợ Mới,105.780785,21.881716,22434000,PGD Hương Sơn - Phú Bình,105.9784063,21.4576459,51.38661254528855,Thái Nguyên,291,3,"1 hr 17 min
67.6 km",67.6,1 hr 17 min,part/output_part_291/ket_qua_tu_0_den_99.xlsx,original_output,ok,17230000__22434000,17230000__22434000,"21.88172,105.78078__21.45765,105.97841","21.45765,105.97841__21.88172,105.78078",directed_pair_key_by_code,158.0,67.6,,1 hr 17 min,,1.3155,-90.4,90.4,0.5722,SUSPECT_CHANGED,HIGH
17684,17686,16431000,PGD Hai Bà Trưng,106.6769427,20.8523679,16833000,PGD Lạch Tray,106.6955435,20.8379031,2.514605970007967,TP. Hải Phòng,177,84,"1 hr 36 min
93.0 km",93.0,1 hr 36 min,part/output_part_177/ket_qua_tu_0_den_99.xlsx,original_output,ok,16431000__16833000,16431000__16833000,"20.85237,106.67694__20.83790,106.69554","20.83790,106.69554__20.85237,106.67694",directed_pair_key_by_code,3.1,93.0,,1 hr 36 min,,36.9839,89.9,89.9,29.0,SUSPECT_CHANGED,HIGH
20766,20768,88041000,PGD Xuyên Mộc,107.4095097,10.5384199,91200000,CN Sài Gòn,106.7072001,10.7281824,79.59997567388801,TP. Hồ Chí Minh,208,66,"19 min
4.8 km",4.8,19 min,part/output_part_208/ket_qua_tu_0_den_99.xlsx,original_output,ok,88041000__91200000,88041000__91200000,"10.53842,107.40951__10.72818,106.70720","10.53842,107.40951__10.72818,106.70720",directed_pair_key_by_code,94.7,4.8,,19 min,,0.0603,-89.9,89.9,0.9493,SUSPECT_CHANGED,HIGH
20863,20865,90000000,CN Thành phố Hồ Chí Minh,106.7033737,10.7705105,90332000,PGD Thảo Điền,106.7360342,10.8052701,5.259852837006409,TP. Hồ Chí Minh,209,63,"1 hr 47 min
98.7 km",98.7,1 hr 47 min,part/output_part_209/ket_qua_tu_0_den_99.xlsx,original_output,ok,90000000__90332000,90000000__90332000,"10.77051,106.70337__10.80527,106.73603","10.77051,106.70337__10.80527,106.73603",directed_pair_key_by_code,8.9,98.7,,1 hr 47 min,,18.7648,89.8,89.8,10.0899,SUSPECT_CHANGED,HIGH
20759,20761,88041000,PGD Xuyên Mộc,107.4095097,10.5384199,90836000,PGD Nguyễn Lương Bằng,106.7284493,10.7174433,77.0474084769301,TP. Hồ Chí Minh,208,59,"13 min
5.3 km",5.3,13 min,part/output_part_208/ket_qua_tu_0_den_99.xlsx,original_output,ok,88041000__90836000,88041000__90836000,"10.53842,107.40951__10.71744,106.72845","10.53842,107.40951__10.71744,106.72845",directed_pair_key_by_code,94.9,5.3,,13 min,,0.0688,-89.6,89.6,0.9442,SUSPECT_CHANGED,HIGH
20755,20757,88041000,PGD Xuyên Mộc,107.4095097,10.5384199,90830000,PGD KCX Tân Thuận,106.7306059,10.736381,77.38993739667602,TP. Hồ Chí Minh,208,55,"9 min
4.0 km",4.0,9 min,part/output_part_208/ket_qua_tu_0_den_99.xlsx,original_output,ok,88041000__90830000,88041000__90830000,"10.53842,107.40951__10.73638,106.73061","10.53842,107.40951__10.73638,106.73061",directed_pair_key_by_code,93.5,4.0,,9 min,,0.0517,-89.5,89.5,0.9572,SUSPECT_CHANGED,HIGH
20744,20746,88041000,PGD Xuyên Mộc,107.4095097,10.5384199,90334000,PGD Vinhomes Tân Cảng,106.7210417,10.7941608,80.42662600553061,TP. Hồ Chí Minh,208,44,"12 min
3.5 km",3.5,12 min,part/output_part_208/ket_qua_tu_0_den_99.xlsx,original_output,ok,88041000__90334000,88041000__90334000,"10.53842,107.40951__10.79416,106.72104","10.53842,107.40951__10.79416,106.72104",directed_pair_key_by_code,92.9,3.5,,12 min,,0.0435,-89.4,89.4,0.9623,SUSPECT_CHANGED,HIGH
20764,20766,88041000,PGD Xuyên Mộc,107.4095097,10.5384199,91033000,PGD Nguyễn Văn Cừ,106.6925748,10.7609209,82.16009539609689,TP. Hồ Chí Minh,208,64,"14 min
4.9 km",4.9,14 min,part/output_part_208/ket_qua_tu_0_den_99.xlsx,original_output,ok,88041000__91033000,88041000__91033000,"10.53842,107.40951__10.76092,106.69257","10.53842,107.40951__10.76092,106.69257",directed_pair_key_by_code,94.3,4.9,,14 min,,0.0596,-89.4,89.4,0.948,SUSPECT_CHANGED,HIGH
20785,20787,88041000,PGD Xuyên Mộc,107.4095097,10.5384199,92431000,PGD Bình Hòa,106.697804,10.813936,83.58502825936677,TP. Hồ Chí Minh,208,85,"18 min
6.7 km",6.7,18 min,part/output_part_208/ket_qua_tu_0_den_99.xlsx,original_output,ok,88041000__92431000,88041000__92431000,"10.53842,107.40951__10.81394,106.69780","10.53842,107.40951__10.81394,106.69780",directed_pair_key_by_code,95.9,6.7,,18 min,,0.0802,-89.2,89.2,0.9301,SUSPECT_CHANGED,HIGH
29004,29006,17230000,PGD Chợ Mới,105.780785,21.881716,22437000,PGD Điềm Thụy,105.9195698,21.4721162,47.74986415129685,Thái Nguyên,291,4,"1 hr 16 min
65.8 km",65.8,1 hr 16 min,part/output_part_291/ket_qua_tu_0_den_99.xlsx,original_output,ok,17230000__22437000,17230000__22437000,"21.88172,105.78078__21.47212,105.91957","21.47212,105.91957__21.88172,105.78078",directed_pair_key_by_code,155.0,65.8,,1 hr 16 min,,1.378,-89.2,89.2,0.5755,SUSPECT_CHANGED,HIGH
20864,20866,90000000,CN Thành phố Hồ Chí Minh,106.7033737,10.7705105,90333000,PGD Vạn Phúc,106.7136198,10.8438678,8.23338191070296,TP. Hồ Chí Minh,209,64,"1 hr 45 min
98.7 km",98.7,1 hr 45 min,part/output_part_209/ket_qua_tu_0_den_99.xlsx,original_output,ok,90000000__90333000,90000000__90333000,"10.77051,106.70337__10.84387,106.71362","10.77051,106.70337__10.84387,106.71362",directed_pair_key_by_code,9.6,98.7,,1 hr 45 min,,11.9878,89.1,89.1,9.2812,SUSPECT_CHANGED,HIGH
20757,20759,88041000,PGD Xuyên Mộc,107.4095097,10.5384199,90834000,PGD Văn Thánh,106.7142617,10.8017978,81.4207489217472,TP. Hồ Chí Minh,208,57,"13 min
3.7 km",3.7,13 min,part/output_part_208/ket_qua_tu_0_den_99.xlsx,original_output,ok,88041000__90834000,88041000__90834000,"10.53842,107.40951__10.80180,106.71426","10.53842,107.40951__10.80180,106.71426",directed_pair_key_by_code,92.6,3.7,,13 min,,0.0454,-88.9,88.9,0.96,SUSPECT_CHANGED,HIGH
20760,20762,88041000,PGD Xuyên Mộc,107.4095097,10.5384199,91000000,CN Nam Sài Gòn,106.7002387,10.739119,80.66041083950103,TP. Hồ Chí Minh,208,60,"16 min
6.9 km",6.9,16 min,part/output_part_208/ket_qua_tu_0_den_99.xlsx,original_output,ok,88041000__91000000,88041000__91000000,"10.53842,107.40951__10.73912,106.70024","10.53842,107.40951__10.73912,106.70024",directed_pair_key_by_code,95.6,6.9,,16 min,,0.0855,-88.7,88.7,0.9278,SUSPECT_CHANGED,HIGH
19810,19812,88030000,PGD Nguyễn An Ninh,107.0898627,10.3656844,94230000,PGD Nguyễn Sơn,106.6259453,10.7820436,68.66475238775881,TP. Hồ Chí Minh,199,10,"21 min
17.3 km",17.3,21 min,part/output_part_199/ket_qua_tu_0_den_99.xlsx,original_output,ok,88030000__94230000,88030000__94230000,"10.36568,107.08986__10.78204,106.62595","10.36568,107.08986__10.78204,106.62595",directed_pair_key_by_code,106.0,17.3,,21 min,,0.2519,-88.7,88.7,0.8368,SUSPECT_CHANGED,HIGH
19580,19582,88000000,CN Bà Rịa - Vũng Tàu,107.0753056,10.3481944,88038000,PGD Long Điền,107.2164178,10.4169245,17.22258188166838,TP. Hồ Chí Minh,196,80,"1 hr 54 min
108 km",108.0,1 hr 54 min,part/output_part_196/ket_qua_tu_0_den_99.xlsx,original_output,ok,88000000__88038000,88000000__88038000,"10.34819,107.07531__10.41692,107.21642","10.34819,107.07531__10.41692,107.21642",directed_pair_key_by_code,19.4,108.0,,1 hr 54 min,,6.2708,88.6,88.6,4.567,SUSPECT_CHANGED,HIGH
20859,20861,90000000,CN Thành phố Hồ Chí Minh,106.7033737,10.7705105,90237000,PGD Gò Dầu,106.626816,10.795744,8.820687979991853,TP. Hồ Chí Minh,209,59,"1 hr 48 min
99.3 km",99.3,1 hr 48 min,part/output_part_209/ket_qua_tu_0_den_99.xlsx,original_output,ok,90000000__90237000,90000000__90237000,"10.77051,106.70337__10.79574,106.62682","10.77051,106.70337__10.79574,106.62682",directed_pair_key_by_code,10.8,99.3,,1 hr 48 min,,11.2576,88.5,88.5,8.1944,SUSPECT_CHANGED,HIGH
20739,20741,88041000,PGD Xuyên Mộc,107.4095097,10.5384199,90300000,CN Thủ Thiêm,106.7293726,10.7875464,79.31663420227441,TP. Hồ Chí Minh,208,39,"4 min
950 m",0.95,4 min,part/output_part_208/ket_qua_tu_0_den_99.xlsx,original_output,ok,88041000__90300000,88041000__90300000,"10.53842,107.40951__10.78755,106.72937","10.53842,107.40951__10.78755,106.72937",directed_pair_key_by_code,89.4,0.95,,4 min,,0.012,-88.45,88.45,0.9894,SUSPECT_CHANGED,HIGH
20762,20764,88041000,PGD Xuyên Mộc,107.4095097,10.5384199,91031000,PGD Trần Xuân Soạn,106.7055348,10.7517129,80.50423911202884,TP. Hồ Chí Minh,208,62,"23 min
8.9 km",8.9,23 min,part/output_part_208/ket_qua_tu_0_den_99.xlsx,original_output,ok,88041000__91031000,88041000__91031000,"10.53842,107.40951__10.75171,106.70553","10.53842,107.40951__10.75171,106.70553",directed_pair_key_by_code,97.2,8.9,,23 min,,0.1106,-88.3,88.3,0.9084,SUSPECT_CHANGED,HIGH
17459,17461,16132000,PGD Thắng Lợi,106.6384466,20.8601613,16400000,CN Lê Chân,106.6724123,20.8541282,3.592519354734376,TP. Hải Phòng,175,59,"1 hr 40 min
92.8 km",92.8,1 hr 40 min,part/output_part_175/ket_qua_tu_0_den_99.xlsx,original_output,ok,16132000__16400000,16132000__16400000,"20.86016,106.63845__20.85413,106.67241","20.85413,106.67241__20.86016,106.63845",directed_pair_key_by_code,4.6,92.8,,1 hr 40 min,,25.8315,88.2,88.2,19.1739,SUSPECT_CHANGED,HIGH
20842,20844,90000000,CN Thành phố Hồ Chí Minh,106.7033737,10.7705105,90037000,PGD Thành Thái,106.664006,10.7750228,4.329518276612206,TP. Hồ Chí Minh,209,42,"1 hr 32 min
94.7 km",94.7,1 hr 32 min,part/output_part_209/ket_qua_tu_0_den_99.xlsx,original_output,ok,90000000__90037000,90000000__90037000,"10.77051,106.70337__10.77502,106.66401","10.77051,106.70337__10.77502,106.66401",directed_pair_key_by_code,6.7,94.7,,1 hr 32 min,,21.8731,88.0,88.0,13.1343,SUSPECT_CHANGED,HIGH
20786,20788,88041000,PGD Xuyên Mộc,107.4095097,10.5384199,92432000,PGD Cầu Sơn,106.7092691,10.8138851,82.41860143085601,TP. Hồ Chí Minh,208,86,"20 min
7.4 km",7.4,20 min,part/output_part_208/ket_qua_tu_0_den_99.xlsx,original_output,ok,88041000__92432000,88041000__92432000,"10.53842,107.40951__10.81389,106.70927","10.53842,107.40951__10.81389,106.70927",directed_pair_key_by_code,95.3,7.4,,20 min,,0.0898,-87.9,87.9,0.9224,SUSPECT_CHANGED,HIGH
19018,19020,64032000,PGD Mỹ Phước,106.6070371,11.1326431,94234000,PGD Lãnh Binh Thăng,106.6486194,10.7644474,41.19245459114593,TP. Hồ Chí Minh,191,18,"2 hr 52 min
137 km",137.0,2 hr 52 min,part/output_part_191/ket_qua_tu_0_den_99.xlsx,original_output,ok,64032000__94234000,64032000__94234000,"11.13264,106.60704__10.76445,106.64862","10.76445,106.64862__11.13264,106.60704",directed_pair_key_by_code,49.4,137.0,,2 hr 52 min,,3.3259,87.6,87.6,1.7733,SUSPECT_CHANGED,HIGH
20758,20760,88041000,PGD Xuyên Mộc,107.4095097,10.5384199,90835000,PGD Phan Văn Trị,106.6918736,10.8242225,84.60998433833346,TP. Hồ Chí Minh,208,58,"36 min
10.8 km",10.8,36 min,part/output_part_208/ket_qua_tu_0_den_99.xlsx,original_output,ok,88041000__90835000,88041000__90835000,"10.53842,107.40951__10.82422,106.69187","10.53842,107.40951__10.82422,106.69187",directed_pair_key_by_code,98.4,10.8,,36 min,,0.1276,-87.6,87.6,0.8902,SUSPECT_CHANGED,HIGH
19680,19682,88000000,CN Bà Rịa - Vũng Tàu,107.0753056,10.3481944,94230000,PGD Nguyễn Sơn,106.6259453,10.7820436,68.84766043662981,TP. Hồ Chí Minh,197,80,"24 min
19.4 km",19.4,24 min,part/output_part_197/ket_qua_tu_0_den_99.xlsx,original_output,ok,88000000__94230000,88000000__94230000,"10.34819,107.07531__10.78204,106.62595","10.34819,107.07531__10.78204,106.62595",directed_pair_key_by_code,107.0,19.4,,24 min,,0.2818,-87.6,87.6,0.8187,SUSPECT_CHANGED,HIGH
20841,20843,90000000,CN Thành phố Hồ Chí Minh,106.7033737,10.7705105,90032000,PGD Trường Sơn,106.6641996,10.8051895,5.760162718558391,TP. Hồ Chí Minh,209,41,"1 hr 33 min
94.2 km",94.2,1 hr 33 min,part/output_part_209/ket_qua_tu_0_den_99.xlsx,original_output,ok,90000000__90032000,90000000__90032000,"10.77051,106.70337__10.80519,106.66420","10.77051,106.70337__10.80519,106.66420",directed_pair_key_by_code,7.0,94.2,,1 hr 33 min,,16.3537,87.2,87.2,12.4571,SUSPECT_CHANGED,HIGH
19710,19712,88030000,PGD Nguyễn An Ninh,107.0898627,10.3656844,88038000,PGD Long Điền,107.2164178,10.4169245,14.96831184684977,TP. Hồ Chí Minh,198,10,"1 hr 51 min
105 km",105.0,1 hr 51 min,part/output_part_198/ket_qua_tu_0_den_99.xlsx,original_output,ok,88030000__88038000,88030000__88038000,"10.36568,107.08986__10.41692,107.21642","10.36568,107.08986__10.41692,107.21642",directed_pair_key_by_code,17.9,105.0,,1 hr 51 min,,7.0148,87.1,87.1,4.8659,SUSPECT_CHANGED,HIGH
19411,19413,64035000,PGD Tân Đông Hiệp,106.7422824,10.9280524,94000000,CN 10 Thành phố Hồ Chí Minh,106.673082,10.765361,19.60555758861137,TP. Hồ Chí Minh,195,11,"2 hr 8 min
109 km",109.0,2 hr 8 min,part/output_part_195/ket_qua_tu_0_den_99.xlsx,original_output,ok,64035000__94000000,64035000__94000000,"10.92805,106.74228__10.76536,106.67308","10.76536,106.67308__10.92805,106.74228",directed_pair_key_by_code,22.1,109.0,,2 hr 8 min,,5.5596,86.9,86.9,3.9321,SUSPECT_CHANGED,HIGH
19966,19968,88032000,PGD Thắng Nhất,107.1119125,10.3980829,88034000,PGD Bà Rịa,107.1768403,10.4877553,12.24068401177564,TP. Hồ Chí Minh,200,66,"1 hr 50 min
101 km",101.0,1 hr 50 min,part/output_part_200/ket_qua_tu_0_den_99.xlsx,original_output,ok,88032000__88034000,88032000__88034000,"10.39808,107.11191__10.48776,107.17684","10.39808,107.11191__10.48776,107.17684",directed_pair_key_by_code,14.5,101.0,,1 hr 50 min,,8.2512,86.5,86.5,5.9655,SUSPECT_CHANGED,HIGH
19709,19711,88030000,PGD Nguyễn An Ninh,107.0898627,10.3656844,88034000,PGD Bà Rịa,107.1768403,10.4877553,16.57464214978835,TP. Hồ Chí Minh,198,9,"1 hr 53 min
106 km",106.0,1 hr 53 min,part/output_part_198/ket_qua_tu_0_den_99.xlsx,original_output,ok,88030000__88034000,88030000__88034000,"10.36568,107.08986__10.48776,107.17684","10.36568,107.08986__10.48776,107.17684",directed_pair_key_by_code,19.5,106.0,,1 hr 53 min,,6.3953,86.5,86.5,4.4359,SUSPECT_CHANGED,HIGH
19579,19581,88000000,CN Bà Rịa - Vũng Tàu,107.0753056,10.3481944,88034000,PGD Bà Rịa,107.1768403,10.4877553,19.08200706083186,TP. Hồ Chí Minh,196,79,"1 hr 56 min
108 km",108.0,1 hr 56 min,part/output_part_196/ket_qua_tu_0_den_99.xlsx,original_output,ok,88000000__88034000,88000000__88034000,"10.34819,107.07531__10.48776,107.17684","10.34819,107.07531__10.48776,107.17684",directed_pair_key_by_code,21.6,108.0,,1 hr 56 min,,5.6598,86.4,86.4,4.0,SUSPECT_CHANGED,HIGH
19413,19415,64035000,PGD Tân Đông Hiệp,106.7422824,10.9280524,94031000,PGD Ngô Gia Tự,106.6748391,10.7670545,19.35810776660659,TP. Hồ Chí Minh,195,13,"2 hr 6 min
108 km",108.0,2 hr 6 min,part/output_part_195/ket_qua_tu_0_den_99.xlsx,original_output,ok,64035000__94031000,64035000__94031000,"10.92805,106.74228__10.76705,106.67484","10.76705,106.67484__10.92805,106.74228",directed_pair_key_by_code,22.1,108.0,,2 hr 6 min,,5.5791,85.9,85.9,3.8869,SUSPECT_CHANGED,HIGH
19967,19969,88032000,PGD Thắng Nhất,107.1119125,10.3980829,88038000,PGD Long Điền,107.2164178,10.4169245,11.61973121023384,TP. Hồ Chí Minh,200,67,"1 hr 49 min
100 km",100.0,1 hr 49 min,part/output_part_200/ket_qua_tu_0_den_99.xlsx,original_output,ok,88032000__88038000,88032000__88038000,"10.39808,107.11191__10.41692,107.21642","10.39808,107.11191__10.41692,107.21642",directed_pair_key_by_code,14.4,100.0,,1 hr 49 min,,8.6061,85.6,85.6,5.9444,SUSPECT_CHANGED,HIGH
20067,20069,88032000,PGD Thắng Nhất,107.1119125,10.3980829,94230000,PGD Nguyễn Sơn,106.6259453,10.7820436,68.14838026536894,TP. Hồ Chí Minh,201,67,"19 min
14.4 km",14.4,19 min,part/output_part_201/ket_qua_tu_0_den_99.xlsx,original_output,ok,88032000__94230000,88032000__94230000,"10.39808,107.11191__10.78204,106.62595","10.39808,107.11191__10.78204,106.62595",directed_pair_key_by_code,100.0,14.4,,19 min,,0.2113,-85.6,85.6,0.856,SUSPECT_CHANGED,HIGH
20743,20745,88041000,PGD Xuyên Mộc,107.4095097,10.5384199,90333000,PGD Vạn Phúc,106.7136198,10.8438678,83.27713506499114,TP. Hồ Chí Minh,208,43,"35 min
12.4 km",12.4,35 min,part/output_part_208/ket_qua_tu_0_den_99.xlsx,original_output,ok,88041000__90333000,88041000__90333000,"10.53842,107.40951__10.84387,106.71362","10.53842,107.40951__10.84387,106.71362",directed_pair_key_by_code,97.8,12.4,,35 min,,0.1489,-85.4,85.4,0.8732,SUSPECT_CHANGED,HIGH
20742,20744,88041000,PGD Xuyên Mộc,107.4095097,10.5384199,90332000,PGD Thảo Điền,106.7360342,10.8052701,79.34865429828464,TP. Hồ Chí Minh,208,42,"15 min
5.0 km",5.0,15 min,part/output_part_208/ket_qua_tu_0_den_99.xlsx,original_output,ok,88041000__90332000,88041000__90332000,"10.53842,107.40951__10.80527,106.73603","10.53842,107.40951__10.80527,106.73603",directed_pair_key_by_code,90.3,5.0,,15 min,,0.063,-85.3,85.3,0.9446,SUSPECT_CHANGED,HIGH
17584,17586,16230000,PGD Đồ Sơn,106.7828225,20.7164627,34631000,PGD Chí Linh,106.3874774,21.1088944,59.92019351516915,TP. Hải Phòng,176,84,"21 min
8.0 km",8.0,21 min,part/output_part_176/ket_qua_tu_0_den_99.xlsx,original_output,ok,16230000__34631000,16230000__34631000,"20.71646,106.78282__21.10889,106.38748","20.71646,106.78282__21.10889,106.38748",directed_pair_key_by_code,93.2,8.0,,21 min,,0.1335,-85.2,85.2,0.9142,SUSPECT_CHANGED,HIGH
20889,20891,90000000,CN Thành phố Hồ Chí Minh,106.7033737,10.7705105,91242000,PGD Hiệp Phước,106.7378846,10.6469072,14.25191949099936,TP. Hồ Chí Minh,209,89,"1 hr 52 min
101 km",101.0,1 hr 52 min,part/output_part_209/ket_qua_tu_0_den_99.xlsx,original_output,ok,90000000__91242000,90000000__91242000,"10.77051,106.70337__10.64691,106.73788","10.64691,106.73788__10.77051,106.70337",directed_pair_key_by_code,16.0,101.0,,1 hr 52 min,,7.0868,85.0,85.0,5.3125,SUSPECT_CHANGED,HIGH
18909,18911,64032000,PGD Mỹ Phước,106.6070371,11.1326431,88000000,CN Bà Rịa - Vũng Tàu,107.0753056,10.3481944,101.1212744372969,TP. Hồ Chí Minh,190,9,"1 hr 17 min
49.0 km",49.0,1 hr 17 min,part/output_part_190/ket_qua_tu_0_den_99.xlsx,original_output,ok,64032000__88000000,64032000__88000000,"11.13264,106.60704__10.34819,107.07531","10.34819,107.07531__11.13264,106.60704",directed_pair_key_by_code,134.0,49.0,,1 hr 17 min,,0.4846,-85.0,85.0,0.6343,SUSPECT_CHANGED,HIGH
20887,20889,90000000,CN Thành phố Hồ Chí Minh,106.7033737,10.7705105,91200000,CN Sài Gòn,106.7072001,10.7281824,4.725202268187322,TP. Hồ Chí Minh,209,87,"1 hr 30 min
93.3 km",93.3,1 hr 30 min,part/output_part_209/ket_qua_tu_0_den_99.xlsx,original_output,ok,90000000__91200000,90000000__91200000,"10.77051,106.70337__10.72818,106.70720","10.72818,106.70720__10.77051,106.70337",directed_pair_key_by_code,8.5,93.3,,1 hr 30 min,,19.7452,84.8,84.8,9.9765,SUSPECT_CHANGED,HIGH
20763,20765,88041000,PGD Xuyên Mộc,107.4095097,10.5384199,91032000,PGD Hùynh Tấn Phát,106.7368263,10.7145422,76.0800208846612,TP. Hồ Chí Minh,208,63,"29 min
9.5 km",9.5,29 min,part/output_part_208/ket_qua_tu_0_den_99.xlsx,original_output,ok,88041000__91032000,88041000__91032000,"10.53842,107.40951__10.71454,106.73683","10.53842,107.40951__10.71454,106.73683",directed_pair_key_by_code,94.3,9.5,,29 min,,0.1249,-84.8,84.8,0.8993,SUSPECT_CHANGED,HIGH
20844,20846,90000000,CN Thành phố Hồ Chí Minh,106.7033737,10.7705105,90042000,PGD Hiệp Bình Phước,106.7247173,10.8631262,10.55895076812133,TP. Hồ Chí Minh,209,44,"1 hr 36 min
97.3 km",97.3,1 hr 36 min,part/output_part_209/ket_qua_tu_0_den_99.xlsx,original_output,ok,90000000__90042000,90000000__90042000,"10.77051,106.70337__10.86313,106.72472","10.77051,106.70337__10.86313,106.72472",directed_pair_key_by_code,12.6,97.3,,1 hr 36 min,,9.2149,84.7,84.7,6.7222,SUSPECT_CHANGED,HIGH
18398,18400,34036000,PGD Thanh Miện,106.2458398,20.7856639,34633000,PGD Nam Sách,106.331765,20.995948,25.02846104866354,TP. Hải Phòng,184,98,"2 hr 23 min
116 km",116.0,2 hr 23 min,part/output_part_184/ket_qua_tu_0_den_99.xlsx,original_output,ok,34036000__34633000,34036000__34633000,"20.78566,106.24584__20.99595,106.33177","20.78566,106.24584__20.99595,106.33177",directed_pair_key_by_code,31.3,116.0,,2 hr 23 min,,4.6347,84.7,84.7,2.7061,SUSPECT_CHANGED,HIGH
18498,18500,64000000,CN Bình Dương,106.6670338,10.982933,88000000,CN Bà Rịa - Vũng Tàu,107.0753056,10.3481944,83.49762859245328,TP. Hồ Chí Minh,185,98,"42 min
31.3 km",31.3,42 min,part/output_part_185/ket_qua_tu_0_den_99.xlsx,original_output,ok,64000000__88000000,64000000__88000000,"10.98293,106.66703__10.34819,107.07531","10.34819,107.07531__10.98293,106.66703",directed_pair_key_by_code,116.0,31.3,,42 min,,0.3749,-84.7,84.7,0.7302,SUSPECT_CHANGED,HIGH
19010,19012,64032000,PGD Mỹ Phước,106.6070371,11.1326431,94030000,PGD Lý Thường Kiệt,106.6576503,10.7716481,40.51937286422324,TP. Hồ Chí Minh,191,10,"2 hr 48 min
134 km",134.0,2 hr 48 min,part/output_part_191/ket_qua_tu_0_den_99.xlsx,original_output,ok,64032000__94030000,64032000__94030000,"11.13264,106.60704__10.77165,106.65765","10.77165,106.65765__11.13264,106.60704",directed_pair_key_by_code,49.4,134.0,,2 hr 48 min,,3.3071,84.6,84.6,1.7126,SUSPECT_CHANGED,HIGH
20761,20763,88041000,PGD Xuyên Mộc,107.4095097,10.5384199,91030000,PGD Phú Mỹ Hưng,106.7055348,10.7291804,79.80477516629581,TP. Hồ Chí Minh,208,61,"24 min
11.0 km",11.0,24 min,part/output_part_208/ket_qua_tu_0_den_99.xlsx,original_output,ok,88041000__91030000,88041000__91030000,"10.53842,107.40951__10.72918,106.70553","10.53842,107.40951__10.72918,106.70553",directed_pair_key_by_code,94.7,11.0,,24 min,,0.1378,-83.7,83.7,0.8838,SUSPECT_CHANGED,HIGH
19420,19422,64035000,PGD Tân Đông Hiệp,106.7422824,10.9280524,94234000,PGD Lãnh Binh Thăng,106.6486194,10.7644474,20.87055175528491,TP. Hồ Chí Minh,195,20,"2 hr 8 min
109 km",109.0,2 hr 8 min,part/output_part_195/ket_qua_tu_0_den_99.xlsx,original_output,ok,64035000__94234000,64035000__94234000,"10.92805,106.74228__10.76445,106.64862","10.76445,106.64862__10.92805,106.74228",directed_pair_key_by_code,25.4,109.0,,2 hr 8 min,,5.2227,83.6,83.6,3.2913,SUSPECT_CHANGED,HIGH
18600,18602,64000000,CN Bình Dương,106.6670338,10.982933,94031000,PGD Ngô Gia Tự,106.6748391,10.7670545,24.01975393878206,TP. Hồ Chí Minh,187,0,"2 hr 25 min
117 km",117.0,2 hr 25 min,part/output_part_187/ket_qua_tu_0_den_99.xlsx,original_output,ok,64000000__94031000,64000000__94031000,"10.98293,106.66703__10.76705,106.67484","10.76705,106.67484__10.98293,106.66703",directed_pair_key_by_code,33.5,117.0,,2 hr 25 min,,4.871,83.5,83.5,2.4925,SUSPECT_CHANGED,HIGH
19009,19011,64032000,PGD Mỹ Phước,106.6070371,11.1326431,94000000,CN 10 Thành phố Hồ Chí Minh,106.673082,10.765361,41.47154578926921,TP. Hồ Chí Minh,191,9,"2 hr 53 min
137 km",137.0,2 hr 53 min,part/output_part_191/ket_qua_tu_0_den_99.xlsx,original_output,ok,64032000__94000000,64032000__94000000,"11.13264,106.60704__10.76536,106.67308","10.76536,106.67308__11.13264,106.60704",directed_pair_key_by_code,53.6,137.0,,2 hr 53 min,,3.3035,83.4,83.4,1.556,SUSPECT_CHANGED,HIGH
20747,20749,88041000,PGD Xuyên Mộc,107.4095097,10.5384199,90433000,PGD Nguyễn Văn Lượng,106.6676389,10.8384167,87.65648967842588,TP. Hồ Chí Minh,208,47,"47 min
17.8 km",17.8,47 min,part/output_part_208/ket_qua_tu_0_den_99.xlsx,original_output,ok,88041000__90433000,88041000__90433000,"10.53842,107.40951__10.83842,106.66764","10.53842,107.40951__10.83842,106.66764",directed_pair_key_by_code,101.0,17.8,,47 min,,0.2031,-83.2,83.2,0.8238,SUSPECT_CHANGED,HIGH
17631,17633,16400000,CN Lê Chân,106.6724123,20.8541282,16432000,PGD Trần Hưng Đạo,106.6870194,20.8601165,1.657440490364389,TP. Hải Phòng,177,31,"1 hr 17 min
85.2 km",85.2,1 hr 17 min,part/output_part_177/ket_qua_tu_0_den_99.xlsx,original_output,ok,16400000__16432000,16400000__16432000,"20.85413,106.67241__20.86012,106.68702","20.85413,106.67241__20.86012,106.68702",directed_pair_key_by_code,2.3,85.2,,1 hr 17 min,,51.4046,82.9,82.9,36.0435,SUSPECT_CHANGED,HIGH
19311,19313,64035000,PGD Tân Đông Hiệp,106.7422824,10.9280524,88000000,CN Bà Rịa - Vũng Tàu,107.0753056,10.3481944,74.03949306897852,TP. Hồ Chí Minh,194,11,"40 min
24.1 km",24.1,40 min,part/output_part_194/ket_qua_tu_0_den_99.xlsx,original_output,ok,64035000__88000000,64035000__88000000,"10.92805,106.74228__10.34819,107.07531","10.34819,107.07531__10.92805,106.74228",directed_pair_key_by_code,107.0,24.1,,40 min,,0.3255,-82.9,82.9,0.7748,SUSPECT_CHANGED,HIGH
18912,18914,64032000,PGD Mỹ Phước,106.6070371,11.1326431,88032000,PGD Thắng Nhất,107.1119125,10.3980829,98.55552787188832,TP. Hồ Chí Minh,190,12,"1 hr 18 min
49.2 km",49.2,1 hr 18 min,part/output_part_190/ket_qua_tu_0_den_99.xlsx,original_output,ok,64032000__88032000,64032000__88032000,"11.13264,106.60704__10.39808,107.11191","10.39808,107.11191__11.13264,106.60704",directed_pair_key_by_code,132.0,49.2,,1 hr 18 min,,0.4992,-82.8,82.8,0.6273,SUSPECT_CHANGED,HIGH
17736,17738,16432000,PGD Trần Hưng Đạo,106.6870194,20.8601165,34037000,PGD Bình Giang,106.1505193,20.9069647,55.98005094056231,TP. Hải Phòng,178,36,"9 min
3.1 km",3.1,9 min,part/output_part_178/ket_qua_tu_0_den_99.xlsx,original_output,ok,16432000__34037000,16432000__34037000,"20.86012,106.68702__20.90696,106.15052","20.86012,106.68702__20.90696,106.15052",directed_pair_key_by_code,85.5,3.1,,9 min,,0.0554,-82.4,82.4,0.9637,SUSPECT_CHANGED,HIGH
19320,19322,64035000,PGD Tân Đông Hiệp,106.7422824,10.9280524,88041000,PGD Xuyên Mộc,107.4095097,10.5384199,84.7976536094494,TP. Hồ Chí Minh,194,20,"37 min
22.9 km",22.9,37 min,part/output_part_194/ket_qua_tu_0_den_99.xlsx,original_output,ok,64035000__88041000,64035000__88041000,"10.92805,106.74228__10.53842,107.40951","10.53842,107.40951__10.92805,106.74228",directed_pair_key_by_code,105.0,22.9,,37 min,,0.2701,-82.1,82.1,0.7819,SUSPECT_CHANGED,HIGH
20846,20848,90000000,CN Thành phố Hồ Chí Minh,106.7033737,10.7705105,90100000,CN Đông Thành phố Hồ Chí Minh,106.7458566,10.8818676,13.2231131755443,TP. Hồ Chí Minh,209,46,"1 hr 50 min
102 km",102.0,1 hr 50 min,part/output_part_209/ket_qua_tu_0_den_99.xlsx,original_output,ok,90000000__90100000,90000000__90100000,"10.77051,106.70337__10.88187,106.74586","10.77051,106.70337__10.88187,106.74586",directed_pair_key_by_code,20.0,102.0,,1 hr 50 min,,7.7138,82.0,82.0,4.1,SUSPECT_CHANGED,HIGH
19412,19414,64035000,PGD Tân Đông Hiệp,106.7422824,10.9280524,94030000,PGD Lý Thường Kiệt,106.6576503,10.7716481,19.69474952275931,TP. Hồ Chí Minh,195,12,"2 hr 4 min
106 km",106.0,2 hr 4 min,part/output_part_195/ket_qua_tu_0_den_99.xlsx,original_output,ok,64035000__94030000,64035000__94030000,"10.92805,106.74228__10.77165,106.65765","10.77165,106.65765__10.92805,106.74228",directed_pair_key_by_code,24.2,106.0,,2 hr 4 min,,5.3821,81.8,81.8,3.3802,SUSPECT_CHANGED,HIGH
19011,19013,64032000,PGD Mỹ Phước,106.6070371,11.1326431,94031000,PGD Ngô Gia Tự,106.6748391,10.7670545,41.32004559139708,TP. Hồ Chí Minh,191,11,"2 hr 50 min
135 km",135.0,2 hr 50 min,part/output_part_191/ket_qua_tu_0_den_99.xlsx,original_output,ok,64032000__94031000,64032000__94031000,"11.13264,106.60704__10.76705,106.67484","10.76705,106.67484__11.13264,106.60704",directed_pair_key_by_code,53.4,135.0,,2 hr 50 min,,3.2672,81.6,81.6,1.5281,SUSPECT_CHANGED,HIGH
20741,20743,88041000,PGD Xuyên Mộc,107.4095097,10.5384199,90331000,PGD Bình Trưng Tây,106.7566664,10.788686,76.57484752361732,TP. Hồ Chí Minh,208,41,"20 min
5.5 km",5.5,20 min,part/output_part_208/ket_qua_tu_0_den_99.xlsx,original_output,ok,88041000__90331000,88041000__90331000,"10.53842,107.40951__10.78869,106.75667","10.53842,107.40951__10.78869,106.75667",directed_pair_key_by_code,87.0,5.5,,20 min,,0.0718,-81.5,81.5,0.9368,SUSPECT_CHANGED,HIGH
19836,19838,88031000,PGD Tam Thắng,107.0854444,10.3494722,88032000,PGD Thắng Nhất,107.1119125,10.3980829,6.131725511110738,TP. Hồ Chí Minh,199,36,"1 hr 23 min
89.6 km",89.6,1 hr 23 min,part/output_part_199/ket_qua_tu_0_den_99.xlsx,original_output,ok,88031000__88032000,88031000__88032000,"10.34947,107.08544__10.39808,107.11191","10.34947,107.08544__10.39808,107.11191",directed_pair_key_by_code,8.2,89.6,,1 hr 23 min,,14.6125,81.4,81.4,9.9268,SUSPECT_CHANGED,HIGH
19679,19681,88000000,CN Bà Rịa - Vũng Tàu,107.0753056,10.3481944,94200000,CN 11 Thành phố Hồ Chí Minh,106.6474356,10.7568213,65.2088518859795,TP. Hồ Chí Minh,197,79,"26 min
21.6 km",21.6,26 min,part/output_part_197/ket_qua_tu_0_den_99.xlsx,original_output,ok,88000000__94200000,88000000__94200000,"10.34819,107.07531__10.75682,106.64744","10.34819,107.07531__10.75682,106.64744",directed_pair_key_by_code,103.0,21.6,,26 min,,0.3312,-81.4,81.4,0.7903,SUSPECT_CHANGED,HIGH
18507,18509,64000000,CN Bình Dương,106.6670338,10.982933,88041000,PGD Xuyên Mộc,107.4095097,10.5384199,94.98182639830198,TP. Hồ Chí Minh,186,7,"59 min
34.7 km",34.7,59 min,part/output_part_186/ket_qua_tu_0_den_99.xlsx,original_output,ok,64000000__88041000,64000000__88041000,"10.98293,106.66703__10.53842,107.40951","10.53842,107.40951__10.98293,106.66703",directed_pair_key_by_code,116.0,34.7,,59 min,,0.3653,-81.3,81.3,0.7009,SUSPECT_CHANGED,HIGH
18911,18913,64032000,PGD Mỹ Phước,106.6070371,11.1326431,88031000,PGD Tam Thắng,107.0854444,10.3494722,101.564191485983,TP. Hồ Chí Minh,190,11,"1 hr 20 min
50.7 km",50.7,1 hr 20 min,part/output_part_190/ket_qua_tu_0_den_99.xlsx,original_output,ok,64032000__88031000,64032000__88031000,"11.13264,106.60704__10.34947,107.08544","10.34947,107.08544__11.13264,106.60704",directed_pair_key_by_code,132.0,50.7,,1 hr 20 min,,0.4992,-81.3,81.3,0.6159,SUSPECT_CHANGED,HIGH
19313,19315,64035000,PGD Tân Đông Hiệp,106.7422824,10.9280524,88031000,PGD Tam Thắng,107.0854444,10.3494722,74.46754409513599,TP. Hồ Chí Minh,194,13,"38 min
22.8 km",22.8,38 min,part/output_part_194/ket_qua_tu_0_den_99.xlsx,original_output,ok,64035000__88031000,64035000__88031000,"10.92805,106.74228__10.34947,107.08544","10.34947,107.08544__10.92805,106.74228",directed_pair_key_by_code,104.0,22.8,,38 min,,0.3062,-81.2,81.2,0.7808,SUSPECT_CHANGED,HIGH
20848,20850,90000000,CN Thành phố Hồ Chí Minh,106.7033737,10.7705105,90131000,PGD Thuận An,106.7161132,10.9005291,14.52422100901907,TP. Hồ Chí Minh,209,48,"1 hr 53 min
102 km",102.0,1 hr 53 min,part/output_part_209/ket_qua_tu_0_den_99.xlsx,original_output,ok,90000000__90131000,90000000__90131000,"10.77051,106.70337__10.90053,106.71611","10.77051,106.70337__10.90053,106.71611",directed_pair_key_by_code,20.9,102.0,,1 hr 53 min,,7.0228,81.1,81.1,3.8804,SUSPECT_CHANGED,HIGH
20066,20068,88032000,PGD Thắng Nhất,107.1119125,10.3980829,94200000,CN 11 Thành phố Hồ Chí Minh,106.6474356,10.7568213,64.56612206650168,TP. Hồ Chí Minh,201,66,"19 min
14.5 km",14.5,19 min,part/output_part_201/ket_qua_tu_0_den_99.xlsx,original_output,ok,88032000__94200000,88032000__94200000,"10.39808,107.11191__10.75682,106.64744","10.39808,107.11191__10.75682,106.64744",directed_pair_key_by_code,95.6,14.5,,19 min,,0.2246,-81.1,81.1,0.8483,SUSPECT_CHANGED,HIGH
18071,18073,16800000,CN Ngô Quyền,106.6925006,20.8607247,34037000,PGD Bình Giang,106.1505193,20.9069647,56.54074417414867,TP. Hải Phòng,181,71,"6 min
3.2 km",3.2,6 min,part/output_part_181/ket_qua_tu_0_den_99.xlsx,original_output,ok,16800000__34037000,16800000__34037000,"20.86072,106.69250__20.90696,106.15052","20.86072,106.69250__20.90696,106.15052",directed_pair_key_by_code,84.1,3.2,,6 min,,0.0566,-80.9,80.9,0.962,SUSPECT_CHANGED,HIGH
20740,20742,88041000,PGD Xuyên Mộc,107.4095097,10.5384199,90330000,PGD An Phú,106.7385273,10.7978598,78.79148217507328,TP. Hồ Chí Minh,208,40,"28 min
8.0 km",8.0,28 min,part/output_part_208/ket_qua_tu_0_den_99.xlsx,original_output,ok,88041000__90330000,88041000__90330000,"10.53842,107.40951__10.79786,106.73853","10.53842,107.40951__10.79786,106.73853",directed_pair_key_by_code,88.9,8.0,,28 min,,0.1015,-80.9,80.9,0.91,SUSPECT_CHANGED,HIGH
19735,19737,88030000,PGD Nguyễn An Ninh,107.0898627,10.3656844,90300000,CN Thủ Thiêm,106.7293726,10.7875464,61.26251670008447,TP. Hồ Chí Minh,198,35,"11 min
8.2 km",8.2,11 min,part/output_part_198/ket_qua_tu_0_den_99.xlsx,original_output,ok,88030000__90300000,88030000__90300000,"10.36568,107.08986__10.78755,106.72937","10.36568,107.08986__10.78755,106.72937",directed_pair_key_by_code,89.1,8.2,,11 min,,0.1339,-80.9,80.9,0.908,SUSPECT_CHANGED,HIGH
18873,18875,64031000,PGD Tân Phước Khánh,106.7169545,11.003797,94000000,CN 10 Thành phố Hồ Chí Minh,106.673082,10.765361,26.94224590103325,TP. Hồ Chí Minh,189,73,"2 hr 23 min
113 km",113.0,2 hr 23 min,part/output_part_189/ket_qua_tu_0_den_99.xlsx,original_output,ok,64031000__94000000,64031000__94000000,"11.00380,106.71695__10.76536,106.67308","10.76536,106.67308__11.00380,106.71695",directed_pair_key_by_code,32.2,113.0,,2 hr 23 min,,4.1942,80.8,80.8,2.5093,SUSPECT_CHANGED,HIGH
20787,20789,88041000,PGD Xuyên Mộc,107.4095097,10.5384199,92434000,PGD Lương Định Của,106.736647,10.7829335,78.39342633396791,TP. Hồ Chí Minh,208,87,"29 min
8.3 km",8.3,29 min,part/output_part_208/ket_qua_tu_0_den_99.xlsx,original_output,ok,88041000__92434000,88041000__92434000,"10.53842,107.40951__10.78293,106.73665","10.53842,107.40951__10.78293,106.73665",directed_pair_key_by_code,88.9,8.3,,29 min,,0.1059,-80.6,80.6,0.9066,SUSPECT_CHANGED,HIGH
19187,19189,64034000,PGD Phú Giáo,106.7955924,11.29029,88041000,PGD Xuyên Mộc,107.4095097,10.5384199,107.1568382850197,TP. Hồ Chí Minh,192,87,"1 hr 44 min
70.9 km",70.9,1 hr 44 min,part/output_part_192/ket_qua_tu_0_den_99.xlsx,original_output,ok,64034000__88041000,64034000__88041000,"11.29029,106.79559__10.53842,107.40951","10.53842,107.40951__11.29029,106.79559",directed_pair_key_by_code,151.0,70.9,,1 hr 44 min,,0.6616,-80.1,80.1,0.5305,SUSPECT_CHANGED,HIGH
20752,20754,88041000,PGD Xuyên Mộc,107.4095097,10.5384199,90635000,PGD Đô Thành,106.6756618,10.7892362,84.9023696478661,TP. Hồ Chí Minh,208,52,"46 min
19.1 km",19.1,46 min,part/output_part_208/ket_qua_tu_0_den_99.xlsx,original_output,ok,88041000__90635000,88041000__90635000,"10.53842,107.40951__10.78924,106.67566","10.53842,107.40951__10.78924,106.67566",directed_pair_key_by_code,99.1,19.1,,46 min,,0.225,-80.0,80.0,0.8073,SUSPECT_CHANGED,HIGH
20847,20849,90000000,CN Thành phố Hồ Chí Minh,106.7033737,10.7705105,90130000,PGD An Phú,106.7423901,10.9494629,20.34967229504803,TP. Hồ Chí Minh,209,47,"2 hr
107 km",107.0,2 hr,part/output_part_209/ket_qua_tu_0_den_99.xlsx,original_output,ok,90000000__90130000,90000000__90130000,"10.77051,106.70337__10.94946,106.74239","10.77051,106.70337__10.94946,106.74239",directed_pair_key_by_code,27.1,107.0,,2 hr,,5.2581,79.9,79.9,2.9483,SUSPECT_CHANGED,HIGH
19809,19811,88030000,PGD Nguyễn An Ninh,107.0898627,10.3656844,94200000,CN 11 Thành phố Hồ Chí Minh,106.6474356,10.7568213,65.04230048256765,TP. Hồ Chí Minh,199,9,"23 min
19.5 km",19.5,23 min,part/output_part_199/ket_qua_tu_0_den_99.xlsx,original_output,ok,88030000__94200000,88030000__94200000,"10.36568,107.08986__10.75682,106.64744","10.36568,107.08986__10.75682,106.64744",directed_pair_key_by_code,99.2,19.5,,23 min,,0.2998,-79.7,79.7,0.8034,SUSPECT_CHANGED,HIGH
19312,19314,64035000,PGD Tân Đông Hiệp,106.7422824,10.9280524,88030000,PGD Nguyễn An Ninh,107.0898627,10.3656844,73.16475065011412,TP. Hồ Chí Minh,194,12,"37 min
22.3 km",22.3,37 min,part/output_part_194/ket_qua_tu_0_den_99.xlsx,original_output,ok,64035000__88030000,64035000__88030000,"10.92805,106.74228__10.36568,107.08986","10.36568,107.08986__10.92805,106.74228",directed_pair_key_by_code,102.0,22.3,,37 min,,0.3048,-79.7,79.7,0.7814,SUSPECT_CHANGED,HIGH
19451,19453,64036000,PGD Bàu Bàng,106.6362417,11.2429544,88040000,PGD Tân Thành,107.05434,10.6022139,84.6161993221599,TP. Hồ Chí Minh,195,51,"26 min
16.3 km",16.3,26 min,part/output_part_195/ket_qua_tu_0_den_99.xlsx,original_output,ok,64036000__88040000,64036000__88040000,"11.24295,106.63624__10.60221,107.05434","10.60221,107.05434__11.24295,106.63624",directed_pair_key_by_code,95.9,16.3,,26 min,,0.1926,-79.6,79.6,0.83,SUSPECT_CHANGED,HIGH
19839,19841,88031000,PGD Tam Thắng,107.0854444,10.3494722,88038000,PGD Long Điền,107.2164178,10.4169245,16.16985447072185,TP. Hồ Chí Minh,199,39,"1 hr 33 min
98.4 km",98.4,1 hr 33 min,part/output_part_199/ket_qua_tu_0_den_99.xlsx,original_output,ok,88031000__88038000,88031000__88038000,"10.34947,107.08544__10.41692,107.21642","10.34947,107.08544__10.41692,107.21642",directed_pair_key_by_code,19.2,98.4,,1 hr 33 min,,6.0854,79.2,79.2,4.125,SUSPECT_CHANGED,HIGH
18875,18877,64031000,PGD Tân Phước Khánh,106.7169545,11.003797,94031000,PGD Ngô Gia Tự,106.6748391,10.7670545,26.72327106644591,TP. Hồ Chí Minh,189,75,"2 hr 20 min
112 km",112.0,2 hr 20 min,part/output_part_189/ket_qua_tu_0_den_99.xlsx,original_output,ok,64031000__94031000,64031000__94031000,"11.00380,106.71695__10.76705,106.67484","10.76705,106.67484__11.00380,106.71695",directed_pair_key_by_code,32.8,112.0,,2 hr 20 min,,4.1911,79.2,79.2,2.4146,SUSPECT_CHANGED,HIGH
20850,20852,90000000,CN Thành phố Hồ Chí Minh,106.7033737,10.7705105,90133000,PGD An Bình,106.7684689,10.894937,15.55525895292869,TP. Hồ Chí Minh,209,50,"1 hr 58 min
103 km",103.0,1 hr 58 min,part/output_part_209/ket_qua_tu_0_den_99.xlsx,original_output,ok,90000000__90133000,90000000__90133000,"10.77051,106.70337__10.89494,106.76847","10.77051,106.70337__10.89494,106.76847",directed_pair_key_by_code,23.9,103.0,,1 hr 58 min,,6.6216,79.1,79.1,3.3096,SUSPECT_CHANGED,HIGH
18882,18884,64031000,PGD Tân Phước Khánh,106.7169545,11.003797,94234000,PGD Lãnh Binh Thăng,106.6486194,10.7644474,27.64073864553144,TP. Hồ Chí Minh,189,82,"2 hr 21 min
113 km",113.0,2 hr 21 min,part/output_part_189/ket_qua_tu_0_den_99.xlsx,original_output,ok,64031000__94234000,64031000__94234000,"11.00380,106.71695__10.76445,106.64862","10.76445,106.64862__11.00380,106.71695",directed_pair_key_by_code,34.5,113.0,,2 hr 21 min,,4.0882,78.5,78.5,2.2754,SUSPECT_CHANGED,HIGH
20854,20856,90000000,CN Thành phố Hồ Chí Minh,106.7033737,10.7705105,90137000,PGD Long Bình,106.8237366,10.8413876,15.32781446318507,TP. Hồ Chí Minh,209,54,"1 hr 47 min
99.0 km",99.0,1 hr 47 min,part/output_part_209/ket_qua_tu_0_den_99.xlsx,original_output,ok,90000000__90137000,90000000__90137000,"10.77051,106.70337__10.84139,106.82374","10.77051,106.70337__10.84139,106.82374",directed_pair_key_by_code,20.9,99.0,,1 hr 47 min,,6.4588,78.1,78.1,3.7368,SUSPECT_CHANGED,HIGH
19350,19352,64035000,PGD Tân Đông Hiệp,106.7422824,10.9280524,90433000,PGD Nguyễn Văn Lượng,106.6676389,10.8384167,12.87540530633007,TP. Hồ Chí Minh,194,50,"2 hr 16 min
95.8 km",95.8,2 hr 16 min,part/output_part_194/ket_qua_tu_0_den_99.xlsx,original_output,ok,64035000__90433000,64035000__90433000,"10.92805,106.74228__10.83842,106.66764","10.83842,106.66764__10.92805,106.74228",directed_pair_key_by_code,17.8,95.8,,2 hr 16 min,,7.4405,78.0,78.0,4.382,SUSPECT_CHANGED,HIGH
17836,17838,16435000,PGD Trần Nguyên Hãn,106.6692966,20.8452886,16900000,CN Kiến An,106.6256763,20.8098579,6.006099688225677,TP. Hải Phòng,179,36,"1 hr 16 min
84.9 km",84.9,1 hr 16 min,part/output_part_179/ket_qua_tu_0_den_99.xlsx,original_output,ok,16435000__16900000,16435000__16900000,"20.84529,106.66930__20.80986,106.62568","20.80986,106.62568__20.84529,106.66930",directed_pair_key_by_code,7.1,84.9,,1 hr 16 min,,14.1356,77.8,77.8,10.9577,SUSPECT_CHANGED,HIGH
18910,18912,64032000,PGD Mỹ Phước,106.6070371,11.1326431,88030000,PGD Nguyễn An Ninh,107.0898627,10.3656844,100.2751005009141,TP. Hồ Chí Minh,190,10,"1 hr 20 min
53.5 km",53.5,1 hr 20 min,part/output_part_190/ket_qua_tu_0_den_99.xlsx,original_output,ok,64032000__88030000,64032000__88030000,"11.13264,106.60704__10.36568,107.08986","10.36568,107.08986__11.13264,106.60704",directed_pair_key_by_code,131.0,53.5,,1 hr 20 min,,0.5335,-77.5,77.5,0.5916,SUSPECT_CHANGED,HIGH
19414,19416,64035000,PGD Tân Đông Hiệp,106.7422824,10.9280524,94032000,PGD Ngô Quyền,106.664916,10.7625387,20.25107297475047,TP. Hồ Chí Minh,195,14,"1 hr 59 min
100 km",100.0,1 hr 59 min,part/output_part_195/ket_qua_tu_0_den_99.xlsx,original_output,ok,64035000__94032000,64035000__94032000,"10.92805,106.74228__10.76254,106.66492","10.76254,106.66492__10.92805,106.74228",directed_pair_key_by_code,22.8,100.0,,1 hr 59 min,,4.938,77.2,77.2,3.386,SUSPECT_CHANGED,HIGH
20852,20854,90000000,CN Thành phố Hồ Chí Minh,106.7033737,10.7705105,90135000,PGD Thuận Giao,106.7227778,10.9482778,19.88010297263609,TP. Hồ Chí Minh,209,52,"1 hr 52 min
103 km",103.0,1 hr 52 min,part/output_part_209/ket_qua_tu_0_den_99.xlsx,original_output,ok,90000000__90135000,90000000__90135000,"10.77051,106.70337__10.94828,106.72278","10.77051,106.70337__10.94828,106.72278",directed_pair_key_by_code,26.0,103.0,,1 hr 52 min,,5.1811,77.0,77.0,2.9615,SUSPECT_CHANGED,HIGH
20853,20855,90000000,CN Thành phố Hồ Chí Minh,106.7033737,10.7705105,90136000,PGD Đông Hòa,106.7898486,10.8924574,16.52467929393439,TP. Hồ Chí Minh,209,53,"1 hr 46 min
100 km",100.0,1 hr 46 min,part/output_part_209/ket_qua_tu_0_den_99.xlsx,original_output,ok,90000000__90136000,90000000__90136000,"10.77051,106.70337__10.89246,106.78985","10.77051,106.70337__10.89246,106.78985",directed_pair_key_by_code,23.2,100.0,,1 hr 46 min,,6.0516,76.8,76.8,3.3103,SUSPECT_CHANGED,HIGH
17674,17676,16431000,PGD Hai Bà Trưng,106.6769427,20.8523679,16435000,PGD Trần Nguyên Hãn,106.6692966,20.8452886,1.118458922220662,TP. Hải Phòng,177,74,"1 hr 8 min
78.2 km",78.2,1 hr 8 min,part/output_part_177/ket_qua_tu_0_den_99.xlsx,original_output,ok,16431000__16435000,16431000__16435000,"20.85237,106.67694__20.84529,106.66930","20.84529,106.66930__20.85237,106.67694",directed_pair_key_by_code,1.5,78.2,,1 hr 8 min,,69.9176,76.7,76.7,51.1333,SUSPECT_CHANGED,HIGH
19314,19316,64035000,PGD Tân Đông Hiệp,106.7422824,10.9280524,88032000,PGD Thắng Nhất,107.1119125,10.3980829,71.4436228822337,TP. Hồ Chí Minh,194,14,"36 min
21.8 km",21.8,36 min,part/output_part_194/ket_qua_tu_0_den_99.xlsx,original_output,ok,64035000__88032000,64035000__88032000,"10.92805,106.74228__10.39808,107.11191","10.39808,107.11191__10.92805,106.74228",directed_pair_key_by_code,98.5,21.8,,36 min,,0.3051,-76.7,76.7,0.7787,SUSPECT_CHANGED,HIGH
18601,18603,64000000,CN Bình Dương,106.6670338,10.982933,94032000,PGD Ngô Quyền,106.664916,10.7625387,24.50785301229954,TP. Hồ Chí Minh,187,1,"2 hr 17 min
110 km",110.0,2 hr 17 min,part/output_part_187/ket_qua_tu_0_den_99.xlsx,original_output,ok,64000000__94032000,64000000__94032000,"10.98293,106.66703__10.76254,106.66492","10.76254,106.66492__10.98293,106.66703",directed_pair_key_by_code,33.7,110.0,,2 hr 17 min,,4.4884,76.3,76.3,2.2641,SUSPECT_CHANGED,HIGH
17202,17204,16000000,CN Hải Phòng,106.6892541,20.8616368,34037000,PGD Bình Giang,106.1505193,20.9069647,56.19551470804069,TP. Hải Phòng,173,2,"14 min
4.2 km",4.2,14 min,part/output_part_173/ket_qua_tu_0_den_99.xlsx,original_output,ok,16000000__34037000,16000000__34037000,"20.86164,106.68925__20.90696,106.15052","20.86164,106.68925__20.90696,106.15052",directed_pair_key_by_code,80.5,4.2,,14 min,,0.0747,-76.3,76.3,0.9478,SUSPECT_CHANGED,HIGH
18874,18876,64031000,PGD Tân Phước Khánh,106.7169545,11.003797,94030000,PGD Lý Thường Kiệt,106.6576503,10.7716481,26.61365852703091,TP. Hồ Chí Minh,189,74,"2 hr 17 min
110 km",110.0,2 hr 17 min,part/output_part_189/ket_qua_tu_0_den_99.xlsx,original_output,ok,64031000__94030000,64031000__94030000,"11.00380,106.71695__10.77165,106.65765","10.77165,106.65765__11.00380,106.71695",directed_pair_key_by_code,34.0,110.0,,2 hr 17 min,,4.1332,76.0,76.0,2.2353,SUSPECT_CHANGED,HIGH
18773,18775,64031000,PGD Tân Phước Khánh,106.7169545,11.003797,88000000,CN Bà Rịa - Vũng Tàu,107.0753056,10.3481944,82.75048123874731,TP. Hồ Chí Minh,188,73,"58 min
34.3 km",34.3,58 min,part/output_part_188/ket_qua_tu_0_den_99.xlsx,original_output,ok,64031000__88000000,64031000__88000000,"11.00380,106.71695__10.34819,107.07531","10.34819,107.07531__11.00380,106.71695",directed_pair_key_by_code,110.0,34.3,,58 min,,0.4145,-75.7,75.7,0.6882,SUSPECT_CHANGED,HIGH
20753,20755,88041000,PGD Xuyên Mộc,107.4095097,10.5384199,90636000,PGD Hai Bà Trưng,106.6904219,10.7893918,83.38642337028881,TP. Hồ Chí Minh,208,53,"42 min
20.5 km",20.5,42 min,part/output_part_208/ket_qua_tu_0_den_99.xlsx,original_output,ok,88041000__90636000,88041000__90636000,"10.53842,107.40951__10.78939,106.69042","10.53842,107.40951__10.78939,106.69042",directed_pair_key_by_code,96.0,20.5,,42 min,,0.2458,-75.5,75.5,0.7865,SUSPECT_CHANGED,HIGH
17630,17632,16400000,CN Lê Chân,106.6724123,20.8541282,16431000,PGD Hai Bà Trưng,106.6769427,20.8523679,0.5098308472421812,TP. Hải Phòng,177,30,"1 hr 12 min
76.1 km",76.1,1 hr 12 min,part/output_part_177/ket_qua_tu_0_den_99.xlsx,original_output,ok,16400000__16431000,16400000__16431000,"20.85413,106.67241__20.85237,106.67694","20.85237,106.67694__20.85413,106.67241",directed_pair_key_by_code,0.7,76.1,,1 hr 12 min,,149.2652,75.4,75.4,107.7143,SUSPECT_CHANGED,HIGH
20805,20807,88041000,PGD Xuyên Mộc,107.4095097,10.5384199,93230000,PGD Vĩnh Lộc,106.596,10.8158889,94.09416453189397,TP. Hồ Chí Minh,209,5,"1 hr 3 min
57.7 km",57.7,1 hr 3 min,part/output_part_209/ket_qua_tu_0_den_99.xlsx,original_output,ok,88041000__93230000,88041000__93230000,"10.53842,107.40951__10.81589,106.59600","10.53842,107.40951__10.81589,106.59600",directed_pair_key_by_code,133.0,57.7,,1 hr 3 min,,0.6132,-75.3,75.3,0.5662,SUSPECT_CHANGED,HIGH
18774,18776,64031000,PGD Tân Phước Khánh,106.7169545,11.003797,88030000,PGD Nguyễn An Ninh,107.0898627,10.3656844,81.82223775437046,TP. Hồ Chí Minh,188,74,"55 min
32.4 km",32.4,55 min,part/output_part_188/ket_qua_tu_0_den_99.xlsx,original_output,ok,64031000__88030000,64031000__88030000,"11.00380,106.71695__10.36568,107.08986","10.36568,107.08986__11.00380,106.71695",directed_pair_key_by_code,107.0,32.4,,55 min,,0.396,-74.6,74.6,0.6972,SUSPECT_CHANGED,HIGH
20746,20748,88041000,PGD Xuyên Mộc,107.4095097,10.5384199,90431000,PGD Phú Nhuận,106.680485,10.799081,84.7715369183311,TP. Hồ Chí Minh,208,46,"1 hr 2 min
22.7 km",22.7,1 hr 2 min,part/output_part_208/ket_qua_tu_0_den_99.xlsx,original_output,ok,88041000__90431000,88041000__90431000,"10.53842,107.40951__10.79908,106.68049","10.53842,107.40951__10.79908,106.68049",directed_pair_key_by_code,97.2,22.7,,1 hr 2 min,,0.2678,-74.5,74.5,0.7665,SUSPECT_CHANGED,HIGH
17531,17533,16200000,CN Đông Hải Phòng,106.7046494,20.8506619,34037000,PGD Bình Giang,106.1505193,20.9069647,57.90994888014505,TP. Hải Phòng,176,31,"15 min
7.3 km",7.3,15 min,part/output_part_176/ket_qua_tu_0_den_99.xlsx,original_output,ok,16200000__34037000,16200000__34037000,"20.85066,106.70465__20.90696,106.15052","20.85066,106.70465__20.90696,106.15052",directed_pair_key_by_code,81.5,7.3,,15 min,,0.1261,-74.2,74.2,0.9104,SUSPECT_CHANGED,HIGH
18915,18917,64032000,PGD Mỹ Phước,106.6070371,11.1326431,88038000,PGD Long Điền,107.2164178,10.4169245,103.7524699028898,TP. Hồ Chí Minh,190,15,"1 hr 22 min
54.9 km",54.9,1 hr 22 min,part/output_part_190/ket_qua_tu_0_den_99.xlsx,original_output,ok,64032000__88038000,64032000__88038000,"11.13264,106.60704__10.41692,107.21642","10.41692,107.21642__11.13264,106.60704",directed_pair_key_by_code,129.0,54.9,,1 hr 22 min,,0.5291,-74.1,74.1,0.5744,SUSPECT_CHANGED,HIGH
18782,18784,64031000,PGD Tân Phước Khánh,106.7169545,11.003797,88041000,PGD Xuyên Mộc,107.4095097,10.5384199,91.65697251509071,TP. Hồ Chí Minh,188,82,"55 min
33.1 km",33.1,55 min,part/output_part_188/ket_qua_tu_0_den_99.xlsx,original_output,ok,64031000__88041000,64031000__88041000,"11.00380,106.71695__10.53842,107.40951","10.53842,107.40951__11.00380,106.71695",directed_pair_key_by_code,107.0,33.1,,55 min,,0.3611,-73.9,73.9,0.6907,SUSPECT_CHANGED,HIGH
19015,19017,64032000,PGD Mỹ Phước,106.6070371,11.1326431,94230000,PGD Nguyễn Sơn,106.6259453,10.7820436,39.03954771085932,TP. Hồ Chí Minh,191,15,"2 hr 35 min
122 km",122.0,2 hr 35 min,part/output_part_191/ket_qua_tu_0_den_99.xlsx,original_output,ok,64032000__94230000,64032000__94230000,"11.13264,106.60704__10.78204,106.62595","10.78204,106.62595__11.13264,106.60704",directed_pair_key_by_code,48.3,122.0,,2 hr 35 min,,3.125,73.7,73.7,1.5259,SUSPECT_CHANGED,HIGH
17586,17588,16230000,PGD Đồ Sơn,106.7828225,20.7164627,34633000,PGD Nam Sách,106.331765,20.995948,56.23613818631173,TP. Hải Phòng,176,86,"7 min
2.8 km",2.8,7 min,part/output_part_176/ket_qua_tu_0_den_99.xlsx,original_output,ok,16230000__34633000,16230000__34633000,"20.71646,106.78282__20.99595,106.33177","20.71646,106.78282__20.99595,106.33177",directed_pair_key_by_code,76.5,2.8,,7 min,,0.0498,-73.7,73.7,0.9634,SUSPECT_CHANGED,HIGH
17834,17836,16435000,PGD Trần Nguyên Hãn,106.6692966,20.8452886,16833000,PGD Lạch Tray,106.6955435,20.8379031,2.848509198294109,TP. Hải Phòng,179,34,"1 hr 16 min
77.9 km",77.9,1 hr 16 min,part/output_part_179/ket_qua_tu_0_den_99.xlsx,original_output,ok,16435000__16833000,16435000__16833000,"20.84529,106.66930__20.83790,106.69554","20.83790,106.69554__20.84529,106.66930",directed_pair_key_by_code,4.4,77.9,,1 hr 16 min,,27.3476,73.5,73.5,16.7045,SUSPECT_CHANGED,HIGH
18057,18059,16800000,CN Ngô Quyền,106.6925006,20.8607247,16832000,PGD Đà Nẵng,106.70363,20.861018,1.156871313022641,TP. Hải Phòng,181,57,"1 hr 10 min
74.7 km",74.7,1 hr 10 min,part/output_part_181/ket_qua_tu_0_den_99.xlsx,original_output,ok,16800000__16832000,16800000__16832000,"20.86072,106.69250__20.86102,106.70363","20.86072,106.69250__20.86102,106.70363",directed_pair_key_by_code,1.3,74.7,,1 hr 10 min,,64.5707,73.4,73.4,56.4615,SUSPECT_CHANGED,HIGH
17529,17531,16200000,CN Đông Hải Phòng,106.7046494,20.8506619,34035000,PGD Cẩm Giàng,106.2497133,20.9356847,48.19674806981671,TP. Hải Phòng,176,29,"5 min
1.4 km",1.4,5 min,part/output_part_176/ket_qua_tu_0_den_99.xlsx,original_output,ok,16200000__34035000,16200000__34035000,"20.85066,106.70465__20.93568,106.24971","20.85066,106.70465__20.93568,106.24971",directed_pair_key_by_code,74.6,1.4,,5 min,,0.029,-73.2,73.2,0.9812,SUSPECT_CHANGED,HIGH
18775,18777,64031000,PGD Tân Phước Khánh,106.7169545,11.003797,88031000,PGD Tam Thắng,107.0854444,10.3494722,83.1560462238266,TP. Hồ Chí Minh,188,75,"56 min
33.0 km",33.0,56 min,part/output_part_188/ket_qua_tu_0_den_99.xlsx,original_output,ok,64031000__88031000,64031000__88031000,"11.00380,106.71695__10.34947,107.08544","10.34947,107.08544__11.00380,106.71695",directed_pair_key_by_code,106.0,33.0,,56 min,,0.3968,-73.0,73.0,0.6887,SUSPECT_CHANGED,HIGH
19231,19233,64034000,PGD Phú Giáo,106.7955924,11.29029,91030000,PGD Phú Mỹ Hưng,106.7055348,10.7291804,63.16218102570004,TP. Hồ Chí Minh,193,31,"26 min
15.3 km",15.3,26 min,part/output_part_193/ket_qua_tu_0_den_99.xlsx,original_output,ok,64034000__91030000,64034000__91030000,"11.29029,106.79559__10.72918,106.70553","10.72918,106.70553__11.29029,106.79559",directed_pair_key_by_code,87.8,15.3,,26 min,,0.2422,-72.5,72.5,0.8257,SUSPECT_CHANGED,HIGH
17970,17972,16631000,PGD Hùng Vương,106.6417341,20.8763509,16900000,CN Kiến An,106.6256763,20.8098579,7.57966184669058,TP. Hải Phòng,180,70,"1 hr 13 min
84.1 km",84.1,1 hr 13 min,part/output_part_180/ket_qua_tu_0_den_99.xlsx,original_output,ok,16631000__16900000,16631000__16900000,"20.87635,106.64173__20.80986,106.62568","20.80986,106.62568__20.87635,106.64173",directed_pair_key_by_code,12.0,84.1,,1 hr 13 min,,11.0955,72.1,72.1,6.0083,SUSPECT_CHANGED,HIGH
18604,18606,64000000,CN Bình Dương,106.6670338,10.982933,94230000,PGD Nguyễn Sơn,106.6259453,10.7820436,22.7840423556854,TP. Hồ Chí Minh,187,4,"2 hr 8 min
103 km",103.0,2 hr 8 min,part/output_part_187/ket_qua_tu_0_den_99.xlsx,original_output,ok,64000000__94230000,64000000__94230000,"10.98293,106.66703__10.78204,106.62595","10.78204,106.62595__10.98293,106.66703",directed_pair_key_by_code,31.0,103.0,,2 hr 8 min,,4.5207,72.0,72.0,2.3226,SUSPECT_CHANGED,HIGH
19012,19014,64032000,PGD Mỹ Phước,106.6070371,11.1326431,94032000,PGD Ngô Quyền,106.664916,10.7625387,41.63604728834607,TP. Hồ Chí Minh,191,12,"2 hr 43 min
128 km",128.0,2 hr 43 min,part/output_part_191/ket_qua_tu_0_den_99.xlsx,original_output,ok,64032000__94032000,64032000__94032000,"11.13264,106.60704__10.76254,106.66492","10.76254,106.66492__11.13264,106.60704",directed_pair_key_by_code,56.0,128.0,,2 hr 43 min,,3.0743,72.0,72.0,1.2857,SUSPECT_CHANGED,HIGH
20809,20811,88041000,PGD Xuyên Mộc,107.4095097,10.5384199,94030000,PGD Lý Thường Kiệt,106.6576503,10.7716481,86.15728790278375,TP. Hồ Chí Minh,209,9,"1 hr 1 min
52.3 km",52.3,1 hr 1 min,part/output_part_209/ket_qua_tu_0_den_99.xlsx,original_output,ok,88041000__94030000,88041000__94030000,"10.53842,107.40951__10.77165,106.65765","10.53842,107.40951__10.77165,106.65765",directed_pair_key_by_code,124.0,52.3,,1 hr 1 min,,0.607,-71.7,71.7,0.5782,SUSPECT_CHANGED,HIGH
19738,19740,88030000,PGD Nguyễn An Ninh,107.0898627,10.3656844,90332000,PGD Thảo Điền,106.7360342,10.8052701,62.32924616685165,TP. Hồ Chí Minh,198,38,"22 min
18.4 km",18.4,22 min,part/output_part_198/ket_qua_tu_0_den_99.xlsx,original_output,ok,88030000__90332000,88030000__90332000,"10.36568,107.08986__10.80527,106.73603","10.36568,107.08986__10.80527,106.73603",directed_pair_key_by_code,90.0,18.4,,22 min,,0.2952,-71.6,71.6,0.7956,SUSPECT_CHANGED,HIGH
17679,17681,16431000,PGD Hai Bà Trưng,106.6769427,20.8523679,16632000,PGD An Dương,106.6140362,20.8638067,6.659087984581048,TP. Hải Phòng,177,79,"1 hr 15 min
78.8 km",78.8,1 hr 15 min,part/output_part_177/ket_qua_tu_0_den_99.xlsx,original_output,ok,16431000__16632000,16431000__16632000,"20.85237,106.67694__20.86381,106.61404","20.85237,106.67694__20.86381,106.61404",directed_pair_key_by_code,7.3,78.8,,1 hr 15 min,,11.8335,71.5,71.5,9.7945,SUSPECT_CHANGED,HIGH
18397,18399,34036000,PGD Thanh Miện,106.2458398,20.7856639,34632000,PGD Kim Thành,106.5071794,20.9625126,33.52537312072907,TP. Hải Phòng,184,97,"2 hr 28 min
119 km",119.0,2 hr 28 min,part/output_part_184/ket_qua_tu_0_den_99.xlsx,original_output,ok,34036000__34632000,34036000__34632000,"20.78566,106.24584__20.96251,106.50718","20.78566,106.24584__20.96251,106.50718",directed_pair_key_by_code,47.6,119.0,,2 hr 28 min,,3.5496,71.4,71.4,1.5,SUSPECT_CHANGED,HIGH
19179,19181,64034000,PGD Phú Giáo,106.7955924,11.29029,88030000,PGD Nguyễn An Ninh,107.0898627,10.3656844,107.7177001747511,TP. Hồ Chí Minh,192,79,"1 hr 43 min
70.6 km",70.6,1 hr 43 min,part/output_part_192/ket_qua_tu_0_den_99.xlsx,original_output,ok,64034000__88030000,64034000__88030000,"11.29029,106.79559__10.36568,107.08986","10.36568,107.08986__11.29029,106.79559",directed_pair_key_by_code,142.0,70.6,,1 hr 43 min,,0.6554,-71.4,71.4,0.5028,SUSPECT_CHANGED,HIGH
20849,20851,90000000,CN Thành phố Hồ Chí Minh,106.7033737,10.7705105,90132000,PGD Thủ Dầu Một,106.6717412,10.9751902,23.02001100719876,TP. Hồ Chí Minh,209,49,"1 hr 54 min
100 km",100.0,1 hr 54 min,part/output_part_209/ket_qua_tu_0_den_99.xlsx,original_output,ok,90000000__90132000,90000000__90132000,"10.77051,106.70337__10.97519,106.67174","10.77051,106.70337__10.97519,106.67174",directed_pair_key_by_code,29.0,100.0,,1 hr 54 min,,4.344,71.0,71.0,2.4483,SUSPECT_CHANGED,HIGH
17773,17775,16433000,PGD KCN VSIP,106.683083,20.904877,34036000,PGD Thanh Miện,106.2458398,20.7856639,47.33106155416445,TP. Hải Phòng,178,73,"15 min
10.8 km",10.8,15 min,part/output_part_178/ket_qua_tu_0_den_99.xlsx,original_output,ok,16433000__34036000,16433000__34036000,"20.90488,106.68308__20.78566,106.24584","20.78566,106.24584__20.90488,106.68308",directed_pair_key_by_code,81.7,10.8,,15 min,,0.2282,-70.9,70.9,0.8678,SUSPECT_CHANGED,HIGH
17957,17959,16630000,PGD Phong Lan,106.6902538,20.8654375,34600000,CN Tây Hải Phòng,106.3111689,20.9346703,40.12434680617967,TP. Hải Phòng,180,57,"10 min
3.9 km",3.9,10 min,part/output_part_180/ket_qua_tu_0_den_99.xlsx,original_output,ok,16630000__34600000,16630000__34600000,"20.86544,106.69025__20.93467,106.31117","20.86544,106.69025__20.93467,106.31117",directed_pair_key_by_code,74.7,3.9,,10 min,,0.0972,-70.8,70.8,0.9478,SUSPECT_CHANGED,HIGH
17734,17736,16432000,PGD Trần Hưng Đạo,106.6870194,20.8601165,34035000,PGD Cẩm Giàng,106.2497133,20.9356847,46.19811749177573,TP. Hải Phòng,178,34,"16 min
7.9 km",7.9,16 min,part/output_part_178/ket_qua_tu_0_den_99.xlsx,original_output,ok,16432000__34035000,16432000__34035000,"20.86012,106.68702__20.93568,106.24971","20.86012,106.68702__20.93568,106.24971",directed_pair_key_by_code,78.6,7.9,,16 min,,0.171,-70.7,70.7,0.8995,SUSPECT_CHANGED,HIGH
20751,20753,88041000,PGD Xuyên Mộc,107.4095097,10.5384199,90632000,PGD Vườn Chuối,106.6839927,10.7723266,83.44005769117874,TP. Hồ Chí Minh,208,51,"1 hr 2 min
25.0 km",25.0,1 hr 2 min,part/output_part_208/ket_qua_tu_0_den_99.xlsx,original_output,ok,88041000__90632000,88041000__90632000,"10.53842,107.40951__10.77233,106.68399","10.53842,107.40951__10.77233,106.68399",directed_pair_key_by_code,95.7,25.0,,1 hr 2 min,,0.2996,-70.7,70.7,0.7388,SUSPECT_CHANGED,HIGH
18914,18916,64032000,PGD Mỹ Phước,106.6070371,11.1326431,88034000,PGD Bà Rịa,107.1768403,10.4877553,94.94855264706948,TP. Hồ Chí Minh,190,14,"1 hr 16 min
48.3 km",48.3,1 hr 16 min,part/output_part_190/ket_qua_tu_0_den_99.xlsx,original_output,ok,64032000__88034000,64032000__88034000,"11.13264,106.60704__10.48776,107.17684","10.48776,107.17684__11.13264,106.60704",directed_pair_key_by_code,119.0,48.3,,1 hr 16 min,,0.5087,-70.7,70.7,0.5941,SUSPECT_CHANGED,HIGH
18876,18878,64031000,PGD Tân Phước Khánh,106.7169545,11.003797,94032000,PGD Ngô Quyền,106.664916,10.7625387,27.4219407584972,TP. Hồ Chí Minh,189,76,"2 hr 12 min
104 km",104.0,2 hr 12 min,part/output_part_189/ket_qua_tu_0_den_99.xlsx,original_output,ok,64031000__94032000,64031000__94032000,"11.00380,106.71695__10.76254,106.66492","10.76254,106.66492__11.00380,106.71695",directed_pair_key_by_code,33.4,104.0,,2 hr 12 min,,3.7926,70.6,70.6,2.1138,SUSPECT_CHANGED,HIGH
19178,19180,64034000,PGD Phú Giáo,106.7955924,11.29029,88000000,CN Bà Rịa - Vũng Tàu,107.0753056,10.3481944,109.1199930474467,TP. Hồ Chí Minh,192,78,"1 hr 47 min
74.5 km",74.5,1 hr 47 min,part/output_part_192/ket_qua_tu_0_den_99.xlsx,original_output,ok,64034000__88000000,64034000__88000000,"11.29029,106.79559__10.34819,107.07531","10.34819,107.07531__11.29029,106.79559",directed_pair_key_by_code,145.0,74.5,,1 hr 47 min,,0.6827,-70.5,70.5,0.4862,SUSPECT_CHANGED,HIGH
19238,19240,64034000,PGD Phú Giáo,106.7955924,11.29029,91242000,PGD Hiệp Phước,106.7378846,10.6469072,71.8178212762809,TP. Hồ Chí Minh,193,38,"28 min
15.6 km",15.6,28 min,part/output_part_193/ket_qua_tu_0_den_99.xlsx,original_output,ok,64034000__91242000,64034000__91242000,"11.29029,106.79559__10.64691,106.73788","10.64691,106.73788__11.29029,106.79559",directed_pair_key_by_code,85.8,15.6,,28 min,,0.2172,-70.2,70.2,0.8182,SUSPECT_CHANGED,HIGH
19180,19182,64034000,PGD Phú Giáo,106.7955924,11.29029,88031000,PGD Tam Thắng,107.0854444,10.3494722,109.2991452213979,TP. Hồ Chí Minh,192,80,"1 hr 47 min
72.8 km",72.8,1 hr 47 min,part/output_part_192/ket_qua_tu_0_den_99.xlsx,original_output,ok,64034000__88031000,64034000__88031000,"11.29029,106.79559__10.34947,107.08544","10.34947,107.08544__11.29029,106.79559",directed_pair_key_by_code,143.0,72.8,,1 hr 47 min,,0.6661,-70.2,70.2,0.4909,SUSPECT_CHANGED,HIGH
18035,18037,16635000,PGD Đình Vũ,106.8087885,20.8144857,34000000,CN Hải Dương,106.3304357,20.9404918,51.63551648261924,TP. Hải Phòng,181,35,"6 min
2.1 km",2.1,6 min,part/output_part_181/ket_qua_tu_0_den_99.xlsx,original_output,ok,16635000__34000000,16635000__34000000,"20.81449,106.80879__20.94049,106.33044","20.81449,106.80879__20.94049,106.33044",directed_pair_key_by_code,72.2,2.1,,6 min,,0.0407,-70.1,70.1,0.9709,SUSPECT_CHANGED,HIGH
17461,17463,16132000,PGD Thắng Lợi,106.6384466,20.8601613,16432000,PGD Trần Hưng Đạo,106.6870194,20.8601165,5.047032729346806,TP. Hải Phòng,175,61,"1 hr 16 min
76.2 km",76.2,1 hr 16 min,part/output_part_175/ket_qua_tu_0_den_99.xlsx,original_output,ok,16132000__16432000,16132000__16432000,"20.86016,106.63845__20.86012,106.68702","20.86012,106.68702__20.86016,106.63845",directed_pair_key_by_code,6.2,76.2,,1 hr 16 min,,15.098,70.0,70.0,11.2903,SUSPECT_CHANGED,HIGH
17530,17532,16200000,CN Đông Hải Phòng,106.7046494,20.8506619,34036000,PGD Thanh Miện,106.2458398,20.7856639,48.23117558729716,TP. Hải Phòng,176,30,"8 min
2.3 km",2.3,8 min,part/output_part_176/ket_qua_tu_0_den_99.xlsx,original_output,ok,16200000__34036000,16200000__34036000,"20.85066,106.70465__20.78566,106.24584","20.78566,106.24584__20.85066,106.70465",directed_pair_key_by_code,72.3,2.3,,8 min,,0.0477,-70.0,70.0,0.9682,SUSPECT_CHANGED,HIGH
19233,19235,64034000,PGD Phú Giáo,106.7955924,11.29029,91032000,PGD Hùynh Tấn Phát,106.7368263,10.7145422,64.34085611153486,TP. Hồ Chí Minh,193,33,"30 min
17.6 km",17.6,30 min,part/output_part_193/ket_qua_tu_0_den_99.xlsx,original_output,ok,64034000__91032000,64034000__91032000,"11.29029,106.79559__10.71454,106.73683","10.71454,106.73683__11.29029,106.79559",directed_pair_key_by_code,87.4,17.6,,30 min,,0.2735,-69.8,69.8,0.7986,SUSPECT_CHANGED,HIGH
17935,17937,16630000,PGD Phong Lan,106.6902538,20.8654375,16832000,PGD Đà Nẵng,106.70363,20.861018,1.474168023515653,TP. Hải Phòng,180,35,"1 hr 3 min
71.8 km",71.8,1 hr 3 min,part/output_part_180/ket_qua_tu_0_den_99.xlsx,original_output,ok,16630000__16832000,16630000__16832000,"20.86544,106.69025__20.86102,106.70363","20.86102,106.70363__20.86544,106.69025",directed_pair_key_by_code,2.1,71.8,,1 hr 3 min,,48.7054,69.7,69.7,33.1905,SUSPECT_CHANGED,HIGH
17697,17699,16431000,PGD Hai Bà Trưng,106.6769427,20.8523679,34037000,PGD Bình Giang,106.1505193,20.9069647,55.02759520812877,TP. Hải Phòng,177,97,"16 min
9.6 km",9.6,16 min,part/output_part_177/ket_qua_tu_0_den_99.xlsx,original_output,ok,16431000__34037000,16431000__34037000,"20.85237,106.67694__20.90696,106.15052","20.85237,106.67694__20.90696,106.15052",directed_pair_key_by_code,79.3,9.6,,16 min,,0.1745,-69.7,69.7,0.8789,SUSPECT_CHANGED,HIGH
17939,17941,16630000,PGD Phong Lan,106.6902538,20.8654375,16930000,PGD Tôn Đức Thắng,106.6661913,20.8617835,2.532992099234485,TP. Hải Phòng,180,39,"1 hr 5 min
73.0 km",73.0,1 hr 5 min,part/output_part_180/ket_qua_tu_0_den_99.xlsx,original_output,ok,16630000__16930000,16630000__16930000,"20.86544,106.69025__20.86178,106.66619","20.86178,106.66619__20.86544,106.69025",directed_pair_key_by_code,3.4,73.0,,1 hr 5 min,,28.8197,69.6,69.6,20.4706,SUSPECT_CHANGED,HIGH
19838,19840,88031000,PGD Tam Thắng,107.0854444,10.3494722,88034000,PGD Bà Rịa,107.1768403,10.4877553,18.33952091464587,TP. Hồ Chí Minh,199,38,"1 hr 22 min
91.0 km",91.0,1 hr 22 min,part/output_part_199/ket_qua_tu_0_den_99.xlsx,original_output,ok,88031000__88034000,88031000__88034000,"10.34947,107.08544__10.48776,107.17684","10.34947,107.08544__10.48776,107.17684",directed_pair_key_by_code,21.4,91.0,,1 hr 22 min,,4.962,69.6,69.6,3.2523,SUSPECT_CHANGED,HIGH
17151,17153,32634000,PGD Từ Liêm,105.7974311,21.035894,32830000,PGD Trung Chính,105.8008666,21.0094211,2.965175185059358,TP. Hà Nội,172,51,"1 hr 3 min
74.0 km",74.0,1 hr 3 min,part/output_part_172/ket_qua_tu_0_den_99.xlsx,original_output,ok,32634000__32830000,32634000__32830000,"21.03589,105.79743__21.00942,105.80087","21.00942,105.80087__21.03589,105.79743",directed_pair_key_by_code,4.5,74.0,,1 hr 3 min,,24.9564,69.5,69.5,15.4444,SUSPECT_CHANGED,HIGH
17811,17813,16434000,PGD Hoa Phượng,106.6919632,20.8290041,34037000,PGD Bình Giang,106.1505193,20.9069647,56.9205707369125,TP. Hải Phòng,179,11,"14 min
6.9 km",6.9,14 min,part/output_part_179/ket_qua_tu_0_den_99.xlsx,original_output,ok,16434000__34037000,16434000__34037000,"20.82900,106.69196__20.90696,106.15052","20.82900,106.69196__20.90696,106.15052",directed_pair_key_by_code,76.4,6.9,,14 min,,0.1212,-69.5,69.5,0.9097,SUSPECT_CHANGED,HIGH
19285,19287,64034000,PGD Phú Giáo,106.7955924,11.29029,94231000,PGD Tên Lửa,106.61129,10.75028,63.3262286878495,TP. Hồ Chí Minh,193,85,"3 hr 2 min
149 km",149.0,3 hr 2 min,part/output_part_193/ket_qua_tu_0_den_99.xlsx,original_output,ok,64034000__94231000,64034000__94231000,"11.29029,106.79559__10.75028,106.61129","10.75028,106.61129__11.29029,106.79559",directed_pair_key_by_code,79.7,149.0,,3 hr 2 min,,2.3529,69.3,69.3,0.8695,SUSPECT_CHANGED,HIGH
17735,17737,16432000,PGD Trần Hưng Đạo,106.6870194,20.8601165,34036000,PGD Thanh Miện,106.2458398,20.7856639,46.59413792703748,TP. Hải Phòng,178,35,"13 min
7.1 km",7.1,13 min,part/output_part_178/ket_qua_tu_0_den_99.xlsx,original_output,ok,16432000__34036000,16432000__34036000,"20.86012,106.68702__20.78566,106.24584","20.78566,106.24584__20.86012,106.68702",directed_pair_key_by_code,76.3,7.1,,13 min,,0.1524,-69.2,69.2,0.9069,SUSPECT_CHANGED,HIGH
17951,17953,16630000,PGD Phong Lan,106.6902538,20.8654375,34400000,CN Đông Hải Dương,106.5466222,20.9940344,20.66393164292141,TP. Hải Phòng,180,51,"1 hr 32 min
94.8 km",94.8,1 hr 32 min,part/output_part_180/ket_qua_tu_0_den_99.xlsx,original_output,ok,16630000__34400000,16630000__34400000,"20.86544,106.69025__20.99403,106.54662","20.86544,106.69025__20.99403,106.54662",directed_pair_key_by_code,25.8,94.8,,1 hr 32 min,,4.5877,69.0,69.0,2.6744,SUSPECT_CHANGED,HIGH
19236,19238,64034000,PGD Phú Giáo,106.7955924,11.29029,91200000,CN Sài Gòn,106.7072001,10.7281824,63.24382334253641,TP. Hồ Chí Minh,193,36,"33 min
18.8 km",18.8,33 min,part/output_part_193/ket_qua_tu_0_den_99.xlsx,original_output,ok,64034000__91200000,64034000__91200000,"11.29029,106.79559__10.72818,106.70720","10.72818,106.70720__11.29029,106.79559",directed_pair_key_by_code,87.8,18.8,,33 min,,0.2973,-69.0,69.0,0.7859,SUSPECT_CHANGED,HIGH
18776,18778,64031000,PGD Tân Phước Khánh,106.7169545,11.003797,88032000,PGD Thắng Nhất,107.1119125,10.3980829,79.99104819785423,TP. Hồ Chí Minh,188,76,"54 min
32.0 km",32.0,54 min,part/output_part_188/ket_qua_tu_0_den_99.xlsx,original_output,ok,64031000__88032000,64031000__88032000,"11.00380,106.71695__10.39808,107.11191","10.39808,107.11191__11.00380,106.71695",directed_pair_key_by_code,101.0,32.0,,54 min,,0.4,-69.0,69.0,0.6832,SUSPECT_CHANGED,HIGH
20748,20750,88041000,PGD Xuyên Mộc,107.4095097,10.5384199,90434000,PGD Thái Sơn,106.687313,10.824671,85.0906197545634,TP. Hồ Chí Minh,208,48,"1 hr 8 min
28.8 km",28.8,1 hr 8 min,part/output_part_208/ket_qua_tu_0_den_99.xlsx,original_output,ok,88041000__90434000,88041000__90434000,"10.53842,107.40951__10.82467,106.68731","10.53842,107.40951__10.82467,106.68731",directed_pair_key_by_code,97.6,28.8,,1 hr 8 min,,0.3385,-68.8,68.8,0.7049,SUSPECT_CHANGED,HIGH
20446,20448,88038000,PGD Long Điền,107.2164178,10.4169245,94231000,PGD Tên Lửa,106.61129,10.75028,75.82097090807979,TP. Hồ Chí Minh,205,46,"37 min
27.4 km",27.4,37 min,part/output_part_205/ket_qua_tu_0_den_99.xlsx,original_output,ok,88038000__94231000,88038000__94231000,"10.41692,107.21642__10.75028,106.61129","10.41692,107.21642__10.75028,106.61129",directed_pair_key_by_code,95.8,27.4,,37 min,,0.3614,-68.4,68.4,0.714,SUSPECT_CHANGED,HIGH
17201,17203,16000000,CN Hải Phòng,106.6892541,20.8616368,34036000,PGD Thanh Miện,106.2458398,20.7856639,46.85267407539056,TP. Hải Phòng,173,1,"9 min
3.1 km",3.1,9 min,part/output_part_173/ket_qua_tu_0_den_99.xlsx,original_output,ok,16000000__34036000,16000000__34036000,"20.86164,106.68925__20.78566,106.24584","20.78566,106.24584__20.86164,106.68925",directed_pair_key_by_code,71.4,3.1,,9 min,,0.0662,-68.3,68.3,0.9566,SUSPECT_CHANGED,HIGH
19245,19247,64034000,PGD Phú Giáo,106.7955924,11.29029,92200000,CN 6 Thành phố Hồ Chí Minh,106.6648231,10.7532743,61.39552546487199,TP. Hồ Chí Minh,193,45,"40 min
22.5 km",22.5,40 min,part/output_part_193/ket_qua_tu_0_den_99.xlsx,original_output,ok,64034000__92200000,64034000__92200000,"11.29029,106.79559__10.75327,106.66482","10.75327,106.66482__11.29029,106.79559",directed_pair_key_by_code,90.7,22.5,,40 min,,0.3665,-68.2,68.2,0.7519,SUSPECT_CHANGED,HIGH
17686,17688,16431000,PGD Hai Bà Trưng,106.6769427,20.8523679,16900000,CN Kiến An,106.6256763,20.8098579,7.122538798475654,TP. Hải Phòng,177,86,"1 hr 14 min
76.4 km",76.4,1 hr 14 min,part/output_part_177/ket_qua_tu_0_den_99.xlsx,original_output,ok,16431000__16900000,16431000__16900000,"20.85237,106.67694__20.80986,106.62568","20.80986,106.62568__20.85237,106.67694",directed_pair_key_by_code,8.3,76.4,,1 hr 14 min,,10.7265,68.1,68.1,8.2048,SUSPECT_CHANGED,HIGH
18916,18918,64032000,PGD Mỹ Phước,106.6070371,11.1326431,88039000,PGD Châu Đức,107.2451534,10.6454008,88.26281663604522,TP. Hồ Chí Minh,190,16,"1 hr 13 min
45.9 km",45.9,1 hr 13 min,part/output_part_190/ket_qua_tu_0_den_99.xlsx,original_output,ok,64032000__88039000,64032000__88039000,"11.13264,106.60704__10.64540,107.24515","10.64540,107.24515__11.13264,106.60704",directed_pair_key_by_code,114.0,45.9,,1 hr 13 min,,0.52,-68.1,68.1,0.5974,SUSPECT_CHANGED,HIGH
17835,17837,16435000,PGD Trần Nguyên Hãn,106.6692966,20.8452886,16834000,PGD Thanh Niên,106.7206766,20.8294995,5.620755490782077,TP. Hải Phòng,179,35,"1 hr 12 min
75.7 km",75.7,1 hr 12 min,part/output_part_179/ket_qua_tu_0_den_99.xlsx,original_output,ok,16435000__16834000,16435000__16834000,"20.84529,106.66930__20.82950,106.72068","20.82950,106.72068__20.84529,106.66930",directed_pair_key_by_code,7.9,75.7,,1 hr 12 min,,13.4679,67.8,67.8,8.5823,SUSPECT_CHANGED,HIGH
19417,19419,64035000,PGD Tân Đông Hiệp,106.7422824,10.9280524,94230000,PGD Nguyễn Sơn,106.6259453,10.7820436,20.61548098792362,TP. Hồ Chí Minh,195,17,"1 hr 51 min
93.6 km",93.6,1 hr 51 min,part/output_part_195/ket_qua_tu_0_den_99.xlsx,original_output,ok,64035000__94230000,64035000__94230000,"10.92805,106.74228__10.78204,106.62595","10.78204,106.62595__10.92805,106.74228",directed_pair_key_by_code,25.8,93.6,,1 hr 51 min,,4.5403,67.8,67.8,2.6279,SUSPECT_CHANGED,HIGH
17968,17970,16631000,PGD Hùng Vương,106.6417341,20.8763509,16833000,PGD Lạch Tray,106.6955435,20.8379031,7.038434825164207,TP. Hải Phòng,180,68,"1 hr 13 min
77.1 km",77.1,1 hr 13 min,part/output_part_180/ket_qua_tu_0_den_99.xlsx,original_output,ok,16631000__16833000,16631000__16833000,"20.87635,106.64173__20.83790,106.69554","20.83790,106.69554__20.87635,106.64173",directed_pair_key_by_code,9.4,77.1,,1 hr 13 min,,10.9541,67.7,67.7,7.2021,SUSPECT_CHANGED,HIGH
17573,17575,16230000,PGD Đồ Sơn,106.7828225,20.7164627,34036000,PGD Thanh Miện,106.2458398,20.7856639,56.36406589123076,TP. Hải Phòng,176,73,"5 min
1.6 km",1.6,5 min,part/output_part_176/ket_qua_tu_0_den_99.xlsx,original_output,ok,16230000__34036000,16230000__34036000,"20.71646,106.78282__20.78566,106.24584","20.71646,106.78282__20.78566,106.24584",directed_pair_key_by_code,69.0,1.6,,5 min,,0.0284,-67.4,67.4,0.9768,SUSPECT_CHANGED,HIGH
17210,17212,16000000,CN Hải Phòng,106.6892541,20.8616368,34600000,CN Tây Hải Phòng,106.3111689,20.9346703,40.10635562590815,TP. Hải Phòng,173,10,"22 min
7.2 km",7.2,22 min,part/output_part_173/ket_qua_tu_0_den_99.xlsx,original_output,ok,16000000__34600000,16000000__34600000,"20.86164,106.68925__20.93467,106.31117","20.86164,106.68925__20.93467,106.31117",directed_pair_key_by_code,74.6,7.2,,22 min,,0.1795,-67.4,67.4,0.9035,SUSPECT_CHANGED,HIGH
20808,20810,88041000,PGD Xuyên Mộc,107.4095097,10.5384199,94000000,CN 10 Thành phố Hồ Chí Minh,106.673082,10.765361,84.33966975421748,TP. Hồ Chí Minh,209,8,"1 hr 4 min
53.6 km",53.6,1 hr 4 min,part/output_part_209/ket_qua_tu_0_den_99.xlsx,original_output,ok,88041000__94000000,88041000__94000000,"10.53842,107.40951__10.76536,106.67308","10.53842,107.40951__10.76536,106.67308",directed_pair_key_by_code,121.0,53.6,,1 hr 4 min,,0.6355,-67.4,67.4,0.557,SUSPECT_CHANGED,HIGH
18036,18038,16635000,PGD Đình Vũ,106.8087885,20.8144857,34030000,PGD Trần Phú,106.327244,20.9367914,51.84589720876271,TP. Hải Phòng,181,36,"12 min
4.8 km",4.8,12 min,part/output_part_181/ket_qua_tu_0_den_99.xlsx,original_output,ok,16635000__34030000,16635000__34030000,"20.81449,106.80879__20.93679,106.32724","20.81449,106.80879__20.93679,106.32724",directed_pair_key_by_code,71.8,4.8,,12 min,,0.0926,-67.0,67.0,0.9331,SUSPECT_CHANGED,HIGH
18099,18101,16831000,PGD Võ Nguyên Giáp,106.6920974,20.8224515,34037000,PGD Bình Giang,106.1505193,20.9069647,57.05104481831616,TP. Hải Phòng,181,99,"23 min
10.1 km",10.1,23 min,part/output_part_181/ket_qua_tu_0_den_99.xlsx,original_output,ok,16831000__34037000,16831000__34037000,"20.82245,106.69210__20.90696,106.15052","20.82245,106.69210__20.90696,106.15052",directed_pair_key_by_code,77.1,10.1,,23 min,,0.177,-67.0,67.0,0.869,SUSPECT_CHANGED,HIGH
19229,19231,64034000,PGD Phú Giáo,106.7955924,11.29029,90836000,PGD Nguyễn Lương Bằng,106.7284493,10.7174433,64.11794586053323,TP. Hồ Chí Minh,193,29,"38 min
21.0 km",21.0,38 min,part/output_part_193/ket_qua_tu_0_den_99.xlsx,original_output,ok,64034000__90836000,64034000__90836000,"11.29029,106.79559__10.71744,106.72845","10.71744,106.72845__11.29029,106.79559",directed_pair_key_by_code,88.0,21.0,,38 min,,0.3275,-67.0,67.0,0.7614,SUSPECT_CHANGED,HIGH
17639,17641,16400000,CN Lê Chân,106.6724123,20.8541282,16632000,PGD An Dương,106.6140362,20.8638067,6.160436478191771,TP. Hải Phòng,177,39,"1 hr 13 min
75.4 km",75.4,1 hr 13 min,part/output_part_177/ket_qua_tu_0_den_99.xlsx,original_output,ok,16400000__16632000,16400000__16632000,"20.85413,106.67241__20.86381,106.61404","20.85413,106.67241__20.86381,106.61404",directed_pair_key_by_code,8.6,75.4,,1 hr 13 min,,12.2394,66.8,66.8,7.7674,SUSPECT_CHANGED,HIGH
17998,18000,16632000,PGD An Dương,106.6140362,20.8638067,16832000,PGD Đà Nẵng,106.70363,20.861018,9.314401578134875,TP. Hải Phòng,180,98,"1 hr 5 min
77.1 km",77.1,1 hr 5 min,part/output_part_180/ket_qua_tu_0_den_99.xlsx,original_output,ok,16632000__16832000,16632000__16832000,"20.86381,106.61404__20.86102,106.70363","20.86102,106.70363__20.86381,106.61404",directed_pair_key_by_code,10.3,77.1,,1 hr 5 min,,8.2775,66.8,66.8,6.4854,SUSPECT_CHANGED,HIGH
17832,17834,16435000,PGD Trần Nguyên Hãn,106.6692966,20.8452886,16831000,PGD Võ Nguyên Giáp,106.6920974,20.8224515,3.473219781671963,TP. Hải Phòng,179,32,"1 hr 10 min
73.6 km",73.6,1 hr 10 min,part/output_part_179/ket_qua_tu_0_den_99.xlsx,original_output,ok,16435000__16831000,16435000__16831000,"20.84529,106.66930__20.82245,106.69210","20.82245,106.69210__20.84529,106.66930",directed_pair_key_by_code,7.0,73.6,,1 hr 10 min,,21.1907,66.6,66.6,9.5143,SUSPECT_CHANGED,HIGH
19132,19134,64033000,PGD Dĩ An,106.7573326,10.9062265,92831000,PGD Hiệp Thành,106.6434221,10.8767708,12.86214445436305,TP. Hồ Chí Minh,192,32,"1 hr 56 min
82.0 km",82.0,1 hr 56 min,part/output_part_192/ket_qua_tu_0_den_99.xlsx,original_output,ok,64033000__92831000,64033000__92831000,"10.90623,106.75733__10.87677,106.64342","10.87677,106.64342__10.90623,106.75733",directed_pair_key_by_code,15.4,82.0,,1 hr 56 min,,6.3753,66.6,66.6,4.3247,SUSPECT_CHANGED,HIGH
17892,17894,16437000,PGD Vĩnh Bảo,106.484306,20.694147,34631000,PGD Chí Linh,106.3874774,21.1088944,47.20198882695742,TP. Hải Phòng,179,92,"22 min
9.3 km",9.3,22 min,part/output_part_179/ket_qua_tu_0_den_99.xlsx,original_output,ok,16437000__34631000,16437000__34631000,"20.69415,106.48431__21.10889,106.38748","20.69415,106.48431__21.10889,106.38748",directed_pair_key_by_code,75.9,9.3,,22 min,,0.197,-66.6,66.6,0.8775,SUSPECT_CHANGED,HIGH
17936,17938,16630000,PGD Phong Lan,106.6902538,20.8654375,16833000,PGD Lạch Tray,106.6955435,20.8379031,3.110639226684889,TP. Hải Phòng,180,36,"1 hr 3 min
71.1 km",71.1,1 hr 3 min,part/output_part_180/ket_qua_tu_0_den_99.xlsx,original_output,ok,16630000__16833000,16630000__16833000,"20.86544,106.69025__20.83790,106.69554","20.83790,106.69554__20.86544,106.69025",directed_pair_key_by_code,4.6,71.1,,1 hr 3 min,,22.857,66.5,66.5,14.4565,SUSPECT_CHANGED,HIGH
20813,20815,88041000,PGD Xuyên Mộc,107.4095097,10.5384199,94200000,CN 11 Thành phố Hồ Chí Minh,106.6474356,10.7568213,86.74844366214728,TP. Hồ Chí Minh,209,13,"1 hr 6 min
58.5 km",58.5,1 hr 6 min,part/output_part_209/ket_qua_tu_0_den_99.xlsx,original_output,ok,88041000__94200000,88041000__94200000,"10.53842,107.40951__10.75682,106.64744","10.53842,107.40951__10.75682,106.64744",directed_pair_key_by_code,125.0,58.5,,1 hr 6 min,,0.6744,-66.5,66.5,0.532,SUSPECT_CHANGED,HIGH
18069,18071,16800000,CN Ngô Quyền,106.6925006,20.8607247,34035000,PGD Cẩm Giàng,106.2497133,20.9356847,46.74592539036238,TP. Hải Phòng,181,69,"23 min
10.9 km",10.9,23 min,part/output_part_181/ket_qua_tu_0_den_99.xlsx,original_output,ok,16800000__34035000,16800000__34035000,"20.86072,106.69250__20.93568,106.24971","20.86072,106.69250__20.93568,106.24971",directed_pair_key_by_code,77.1,10.9,,23 min,,0.2332,-66.2,66.2,0.8586,SUSPECT_CHANGED,HIGH
19737,19739,88030000,PGD Nguyễn An Ninh,107.0898627,10.3656844,90331000,PGD Bình Trưng Tây,106.7566664,10.788686,59.48768972754295,TP. Hồ Chí Minh,198,37,"24 min
20.6 km",20.6,24 min,part/output_part_198/ket_qua_tu_0_den_99.xlsx,original_output,ok,88030000__90331000,88030000__90331000,"10.36568,107.08986__10.78869,106.75667","10.36568,107.08986__10.78869,106.75667",directed_pair_key_by_code,86.8,20.6,,24 min,,0.3463,-66.2,66.2,0.7627,SUSPECT_CHANGED,HIGH
17200,17202,16000000,CN Hải Phòng,106.6892541,20.8616368,34035000,PGD Cẩm Giàng,106.2497133,20.9356847,46.39587950160766,TP. Hải Phòng,173,0,"23 min
7.6 km",7.6,23 min,part/output_part_173/ket_qua_tu_0_den_99.xlsx,original_output,ok,16000000__34035000,16000000__34035000,"20.86164,106.68925__20.93568,106.24971","20.86164,106.68925__20.93568,106.24971",directed_pair_key_by_code,73.6,7.6,,23 min,,0.1638,-66.0,66.0,0.8967,SUSPECT_CHANGED,HIGH
17572,17574,16230000,PGD Đồ Sơn,106.7828225,20.7164627,34035000,PGD Cẩm Giàng,106.2497133,20.9356847,60.53125151344393,TP. Hải Phòng,176,72,"17 min
5.6 km",5.6,17 min,part/output_part_176/ket_qua_tu_0_den_99.xlsx,original_output,ok,16230000__34035000,16230000__34035000,"20.71646,106.78282__20.93568,106.24971","20.71646,106.78282__20.93568,106.24971",directed_pair_key_by_code,71.3,5.6,,17 min,,0.0925,-65.7,65.7,0.9215,SUSPECT_CHANGED,HIGH
18067,18069,16800000,CN Ngô Quyền,106.6925006,20.8607247,34033000,PGD Hải Tân,106.3309265,20.9216871,38.16889159365805,TP. Hải Phòng,181,67,"16 min
7.2 km",7.2,16 min,part/output_part_181/ket_qua_tu_0_den_99.xlsx,original_output,ok,16800000__34033000,16800000__34033000,"20.86072,106.69250__20.92169,106.33093","20.86072,106.69250__20.92169,106.33093",directed_pair_key_by_code,72.8,7.2,,16 min,,0.1886,-65.6,65.6,0.9011,SUSPECT_CHANGED,HIGH
18037,18039,16635000,PGD Đình Vũ,106.8087885,20.8144857,34031000,PGD Trần Hưng Đạo,106.3328297,20.9392325,51.35837263449564,TP. Hải Phòng,181,37,"13 min
5.8 km",5.8,13 min,part/output_part_181/ket_qua_tu_0_den_99.xlsx,original_output,ok,16635000__34031000,16635000__34031000,"20.81449,106.80879__20.93923,106.33283","20.81449,106.80879__20.93923,106.33283",directed_pair_key_by_code,71.1,5.8,,13 min,,0.1129,-65.3,65.3,0.9184,SUSPECT_CHANGED,HIGH
19181,19183,64034000,PGD Phú Giáo,106.7955924,11.29029,88032000,PGD Thắng Nhất,107.1119125,10.3980829,105.0512866811613,TP. Hồ Chí Minh,192,81,"1 hr 44 min
71.0 km",71.0,1 hr 44 min,part/output_part_192/ket_qua_tu_0_den_99.xlsx,original_output,ok,64034000__88032000,64034000__88032000,"11.29029,106.79559__10.39808,107.11191","10.39808,107.11191__11.29029,106.79559",directed_pair_key_by_code,136.0,71.0,,1 hr 44 min,,0.6759,-65.0,65.0,0.4779,SUSPECT_CHANGED,HIGH
19711,19713,88030000,PGD Nguyễn An Ninh,107.0898627,10.3656844,88039000,PGD Châu Đức,107.2451534,10.6454008,35.43525999947649,TP. Hồ Chí Minh,198,11,"1 hr 47 min
105 km",105.0,1 hr 47 min,part/output_part_198/ket_qua_tu_0_den_99.xlsx,original_output,ok,88030000__88039000,88030000__88039000,"10.36568,107.08986__10.64540,107.24515","10.36568,107.08986__10.64540,107.24515",directed_pair_key_by_code,40.1,105.0,,1 hr 47 min,,2.9632,64.9,64.9,1.6185,SUSPECT_CHANGED,HIGH
19811,19813,88030000,PGD Nguyễn An Ninh,107.0898627,10.3656844,94231000,PGD Tên Lửa,106.61129,10.75028,67.56922242311911,TP. Hồ Chí Minh,199,11,"48 min
40.1 km",40.1,48 min,part/output_part_199/ket_qua_tu_0_den_99.xlsx,original_output,ok,88030000__94231000,88030000__94231000,"10.36568,107.08986__10.75028,106.61129","10.36568,107.08986__10.75028,106.61129",directed_pair_key_by_code,105.0,40.1,,48 min,,0.5935,-64.9,64.9,0.6181,SUSPECT_CHANGED,HIGH
17673,17675,16431000,PGD Hai Bà Trưng,106.6769427,20.8523679,16434000,PGD Hoa Phượng,106.6919632,20.8290041,3.030807065399019,TP. Hải Phòng,177,73,"1 hr 3 min
69.0 km",69.0,1 hr 3 min,part/output_part_177/ket_qua_tu_0_den_99.xlsx,original_output,ok,16431000__16434000,16431000__16434000,"20.85237,106.67694__20.82900,106.69196","20.82900,106.69196__20.85237,106.67694",directed_pair_key_by_code,4.2,69.0,,1 hr 3 min,,22.7662,64.8,64.8,15.4286,SUSPECT_CHANGED,HIGH
19581,19583,88000000,CN Bà Rịa - Vũng Tàu,107.0753056,10.3481944,88039000,PGD Châu Đức,107.2451534,10.6454008,37.90796398503764,TP. Hồ Chí Minh,196,81,"1 hr 51 min
107 km",107.0,1 hr 51 min,part/output_part_196/ket_qua_tu_0_den_99.xlsx,original_output,ok,88000000__88039000,88000000__88039000,"10.34819,107.07531__10.64540,107.24515","10.34819,107.07531__10.64540,107.24515",directed_pair_key_by_code,42.3,107.0,,1 hr 51 min,,2.8226,64.7,64.7,1.5296,SUSPECT_CHANGED,HIGH
19681,19683,88000000,CN Bà Rịa - Vũng Tàu,107.0753056,10.3481944,94231000,PGD Tên Lửa,106.61129,10.75028,67.61588547903094,TP. Hồ Chí Minh,197,81,"51 min
42.3 km",42.3,51 min,part/output_part_197/ket_qua_tu_0_den_99.xlsx,original_output,ok,88000000__94231000,88000000__94231000,"10.34819,107.07531__10.75028,106.61129","10.34819,107.07531__10.75028,106.61129",directed_pair_key_by_code,107.0,42.3,,51 min,,0.6256,-64.7,64.7,0.6047,SUSPECT_CHANGED,HIGH
19225,19227,64034000,PGD Phú Giáo,106.7955924,11.29029,90830000,PGD KCX Tân Thuận,106.7306059,10.736381,61.99903655854863,TP. Hồ Chí Minh,193,25,"41 min
22.1 km",22.1,41 min,part/output_part_193/ket_qua_tu_0_den_99.xlsx,original_output,ok,64034000__90830000,64034000__90830000,"11.29029,106.79559__10.73638,106.73061","10.73638,106.73061__11.29029,106.79559",directed_pair_key_by_code,86.6,22.1,,41 min,,0.3565,-64.5,64.5,0.7448,SUSPECT_CHANGED,HIGH
20068,20070,88032000,PGD Thắng Nhất,107.1119125,10.3980829,94231000,PGD Tên Lửa,106.61129,10.75028,67.29139864945313,TP. Hồ Chí Minh,201,68,"44 min
35.1 km",35.1,44 min,part/output_part_201/ket_qua_tu_0_den_99.xlsx,original_output,ok,88032000__94231000,88032000__94231000,"10.39808,107.11191__10.75028,106.61129","10.39808,107.11191__10.75028,106.61129",directed_pair_key_by_code,99.6,35.1,,44 min,,0.5216,-64.5,64.5,0.6476,SUSPECT_CHANGED,HIGH
19968,19970,88032000,PGD Thắng Nhất,107.1119125,10.3980829,88039000,PGD Châu Đức,107.2451534,10.6454008,31.12017505313511,TP. Hồ Chí Minh,200,68,"1 hr 45 min
99.2 km",99.2,1 hr 45 min,part/output_part_200/ket_qua_tu_0_den_99.xlsx,original_output,ok,88032000__88039000,88032000__88039000,"10.39808,107.11191__10.64540,107.24515","10.39808,107.11191__10.64540,107.24515",directed_pair_key_by_code,35.1,99.2,,1 hr 45 min,,3.1876,64.1,64.1,1.8262,SUSPECT_CHANGED,HIGH
17582,17584,16230000,PGD Đồ Sơn,106.7828225,20.7164627,34600000,CN Tây Hải Phòng,106.3111689,20.9346703,54.69545807878926,TP. Hải Phòng,176,82,"14 min
4.3 km",4.3,14 min,part/output_part_176/ket_qua_tu_0_den_99.xlsx,original_output,ok,16230000__34600000,16230000__34600000,"20.71646,106.78282__20.93467,106.31117","20.71646,106.78282__20.93467,106.31117",directed_pair_key_by_code,68.4,4.3,,14 min,,0.0786,-64.1,64.1,0.9371,SUSPECT_CHANGED,HIGH
17682,17684,16431000,PGD Hai Bà Trưng,106.6769427,20.8523679,16831000,PGD Võ Nguyên Giáp,106.6920974,20.8224515,3.680532491138799,TP. Hải Phòng,177,82,"1 hr 4 min
68.3 km",68.3,1 hr 4 min,part/output_part_177/ket_qua_tu_0_den_99.xlsx,original_output,ok,16431000__16831000,16431000__16831000,"20.85237,106.67694__20.82245,106.69210","20.82245,106.69210__20.85237,106.67694",directed_pair_key_by_code,4.3,68.3,,1 hr 4 min,,18.5571,64.0,64.0,14.8837,SUSPECT_CHANGED,HIGH
17969,17971,16631000,PGD Hùng Vương,106.6417341,20.8763509,16834000,PGD Thanh Niên,106.7206766,20.8294995,9.717517851822931,TP. Hải Phòng,180,69,"1 hr 9 min
74.9 km",74.9,1 hr 9 min,part/output_part_180/ket_qua_tu_0_den_99.xlsx,original_output,ok,16631000__16834000,16631000__16834000,"20.87635,106.64173__20.82950,106.72068","20.82950,106.72068__20.87635,106.64173",directed_pair_key_by_code,10.9,74.9,,1 hr 9 min,,7.7077,64.0,64.0,5.8716,SUSPECT_CHANGED,HIGH
20346,20348,88038000,PGD Long Điền,107.2164178,10.4169245,88039000,PGD Châu Đức,107.2451534,10.6454008,25.59892593094428,TP. Hồ Chí Minh,204,46,"1 hr 48 min
93.0 km",93.0,1 hr 48 min,part/output_part_204/ket_qua_tu_0_den_99.xlsx,original_output,ok,88038000__88039000,88038000__88039000,"10.41692,107.21642__10.64540,107.24515","10.41692,107.21642__10.64540,107.24515",directed_pair_key_by_code,29.1,93.0,,1 hr 48 min,,3.633,63.9,63.9,2.1959,SUSPECT_CHANGED,HIGH
17934,17936,16630000,PGD Phong Lan,106.6902538,20.8654375,16831000,PGD Võ Nguyên Giáp,106.6920974,20.8224515,4.783669635251178,TP. Hải Phòng,180,34,"1 hr 4 min
71.3 km",71.3,1 hr 4 min,part/output_part_180/ket_qua_tu_0_den_99.xlsx,original_output,ok,16630000__16831000,16630000__16831000,"20.86544,106.69025__20.82245,106.69210","20.82245,106.69210__20.86544,106.69025",directed_pair_key_by_code,7.7,71.3,,1 hr 4 min,,14.9049,63.6,63.6,8.2597,SUSPECT_CHANGED,HIGH
17687,17689,16431000,PGD Hai Bà Trưng,106.6769427,20.8523679,16930000,PGD Tôn Đức Thắng,106.6661913,20.8617835,1.531076920634499,TP. Hải Phòng,177,87,"1 hr
66.6 km",66.6,1 hr,part/output_part_177/ket_qua_tu_0_den_99.xlsx,original_output,ok,16431000__16930000,16431000__16930000,"20.85237,106.67694__20.86178,106.66619","20.85237,106.67694__20.86178,106.66619",directed_pair_key_by_code,3.2,66.6,,1 hr,,43.4988,63.4,63.4,19.8125,SUSPECT_CHANGED,HIGH
17874,17876,16437000,PGD Vĩnh Bảo,106.484306,20.694147,16932000,PGD Tiên Lãng,106.554502,20.705491,7.409726613994077,TP. Hải Phòng,179,74,"1 hr 19 min
74.2 km",74.2,1 hr 19 min,part/output_part_179/ket_qua_tu_0_den_99.xlsx,original_output,ok,16437000__16932000,16437000__16932000,"20.69415,106.48431__20.70549,106.55450","20.69415,106.48431__20.70549,106.55450",directed_pair_key_by_code,10.8,74.2,,1 hr 19 min,,10.0139,63.4,63.4,5.8704,SUSPECT_CHANGED,HIGH
17341,17343,16032000,PGD Kiến Thụy,106.664093,20.744869,16932000,PGD Tiên Lãng,106.554502,20.705491,12.20956133689285,TP. Hải Phòng,174,41,"1 hr 15 min
80.9 km",80.9,1 hr 15 min,part/output_part_174/ket_qua_tu_0_den_99.xlsx,original_output,ok,16032000__16932000,16032000__16932000,"20.74487,106.66409__20.70549,106.55450","20.70549,106.55450__20.74487,106.66409",directed_pair_key_by_code,17.6,80.9,,1 hr 15 min,,6.626,63.3,63.3,3.5966,SUSPECT_CHANGED,HIGH
17570,17572,16230000,PGD Đồ Sơn,106.7828225,20.7164627,34033000,PGD Hải Tân,106.3309265,20.9216871,52.21795190713861,TP. Hải Phòng,176,70,"10 min
3.6 km",3.6,10 min,part/output_part_176/ket_qua_tu_0_den_99.xlsx,original_output,ok,16230000__34033000,16230000__34033000,"20.71646,106.78282__20.92169,106.33093","20.71646,106.78282__20.92169,106.33093",directed_pair_key_by_code,66.9,3.6,,10 min,,0.0689,-63.3,63.3,0.9462,SUSPECT_CHANGED,HIGH
17937,17939,16630000,PGD Phong Lan,106.6902538,20.8654375,16834000,PGD Thanh Niên,106.7206766,20.8294995,5.095434519596985,TP. Hải Phòng,180,37,"59 min
68.7 km",68.7,59 min,part/output_part_180/ket_qua_tu_0_den_99.xlsx,original_output,ok,16630000__16834000,16630000__16834000,"20.86544,106.69025__20.82950,106.72068","20.82950,106.72068__20.86544,106.69025",directed_pair_key_by_code,5.6,68.7,,59 min,,13.4827,63.1,63.1,11.2679,SUSPECT_CHANGED,HIGH
15895,15897,14600000,CN Tây Hà Nội,105.7733339,21.0376276,18800000,CN Hà Thành,105.7602524,21.0451734,1.595967771187789,TP. Hà Nội,159,95,"1 hr 18 min
65.3 km",65.3,1 hr 18 min,part/output_part_159/ket_qua_tu_0_den_99.xlsx,original_output,ok,14600000__18800000,14600000__18800000,"21.03763,105.77333__21.04517,105.76025","21.03763,105.77333__21.04517,105.76025",directed_pair_key_by_code,2.3,65.3,,1 hr 18 min,,40.9156,63.0,63.0,27.3913,SUSPECT_CHANGED,HIGH
19317,19319,64035000,PGD Tân Đông Hiệp,106.7422824,10.9280524,88038000,PGD Long Điền,107.2164178,10.4169245,76.90523242373051,TP. Hồ Chí Minh,194,17,"50 min
29.2 km",29.2,50 min,part/output_part_194/ket_qua_tu_0_den_99.xlsx,original_output,ok,64035000__88038000,64035000__88038000,"10.92805,106.74228__10.41692,107.21642","10.41692,107.21642__10.92805,106.74228",directed_pair_key_by_code,92.2,29.2,,50 min,,0.3797,-63.0,63.0,0.6833,SUSPECT_CHANGED,HIGH
18058,18060,16800000,CN Ngô Quyền,106.6925006,20.8607247,16833000,PGD Lạch Tray,106.6955435,20.8379031,2.557273563306796,TP. Hải Phòng,181,58,"59 min
66.9 km",66.9,59 min,part/output_part_181/ket_qua_tu_0_den_99.xlsx,original_output,ok,16800000__16833000,16800000__16833000,"20.86072,106.69250__20.83790,106.69554","20.83790,106.69554__20.86072,106.69250",directed_pair_key_by_code,4.0,66.9,,59 min,,26.1607,62.9,62.9,15.725,SUSPECT_CHANGED,HIGH
20851,20853,90000000,CN Thành phố Hồ Chí Minh,106.7033737,10.7705105,90134000,PGD Đồng An,106.6795064,11.0474348,30.9026937864323,TP. Hồ Chí Minh,209,51,"1 hr 52 min
100 km",100.0,1 hr 52 min,part/output_part_209/ket_qua_tu_0_den_99.xlsx,original_output,ok,90000000__90134000,90000000__90134000,"10.77051,106.70337__11.04743,106.67951","10.77051,106.70337__11.04743,106.67951",directed_pair_key_by_code,37.1,100.0,,1 hr 52 min,,3.236,62.9,62.9,1.6954,SUSPECT_CHANGED,HIGH
18070,18072,16800000,CN Ngô Quyền,106.6925006,20.8607247,34036000,PGD Thanh Miện,106.2458398,20.7856639,47.16668302231187,TP. Hải Phòng,181,70,"23 min
12.0 km",12.0,23 min,part/output_part_181/ket_qua_tu_0_den_99.xlsx,original_output,ok,16800000__34036000,16800000__34036000,"20.86072,106.69250__20.78566,106.24584","20.78566,106.24584__20.86072,106.69250",directed_pair_key_by_code,74.9,12.0,,23 min,,0.2544,-62.9,62.9,0.8398,SUSPECT_CHANGED,HIGH
19682,19684,88000000,CN Bà Rịa - Vũng Tàu,107.0753056,10.3481944,94233000,PGD Trương Vĩnh Ký,106.6339046,10.7932417,69.1150537633894,TP. Hồ Chí Minh,197,82,"52 min
44.1 km",44.1,52 min,part/output_part_197/ket_qua_tu_0_den_99.xlsx,original_output,ok,88000000__94233000,88000000__94233000,"10.34819,107.07531__10.79324,106.63390","10.34819,107.07531__10.79324,106.63390",directed_pair_key_by_code,107.0,44.1,,52 min,,0.6381,-62.9,62.9,0.5879,SUSPECT_CHANGED,HIGH
17672,17674,16431000,PGD Hai Bà Trưng,106.6769427,20.8523679,16433000,PGD KCN VSIP,106.683083,20.904877,5.873500591392991,TP. Hải Phòng,177,72,"1 hr 7 min
71.2 km",71.2,1 hr 7 min,part/output_part_177/ket_qua_tu_0_den_99.xlsx,original_output,ok,16431000__16433000,16431000__16433000,"20.85237,106.67694__20.90488,106.68308","20.85237,106.67694__20.90488,106.68308",directed_pair_key_by_code,8.6,71.2,,1 hr 7 min,,12.1222,62.6,62.6,7.2791,SUSPECT_CHANGED,HIGH
20447,20449,88038000,PGD Long Điền,107.2164178,10.4169245,94233000,PGD Trương Vĩnh Ký,106.6339046,10.7932417,76.18623874570555,TP. Hồ Chí Minh,205,47,"42 min
33.2 km",33.2,42 min,part/output_part_205/ket_qua_tu_0_den_99.xlsx,original_output,ok,88038000__94233000,88038000__94233000,"10.41692,107.21642__10.79324,106.63390","10.41692,107.21642__10.79324,106.63390",directed_pair_key_by_code,95.3,33.2,,42 min,,0.4358,-62.1,62.1,0.6516,SUSPECT_CHANGED,HIGH
20069,20071,88032000,PGD Thắng Nhất,107.1119125,10.3980829,94233000,PGD Trương Vĩnh Ký,106.6339046,10.7932417,68.26649450053739,TP. Hồ Chí Minh,201,69,"45 min
37.0 km",37.0,45 min,part/output_part_201/ket_qua_tu_0_den_99.xlsx,original_output,ok,88032000__94233000,88032000__94233000,"10.39808,107.11191__10.79324,106.63390","10.39808,107.11191__10.79324,106.63390",directed_pair_key_by_code,99.1,37.0,,45 min,,0.542,-62.1,62.1,0.6266,SUSPECT_CHANGED,HIGH
20750,20752,88041000,PGD Xuyên Mộc,107.4095097,10.5384199,90630000,PGD Ba Tháng Hai,106.6689899,10.7688156,84.88117841213449,TP. Hồ Chí Minh,208,50,"1 hr 30 min
37.0 km",37.0,1 hr 30 min,part/output_part_208/ket_qua_tu_0_den_99.xlsx,original_output,ok,88041000__90630000,88041000__90630000,"10.53842,107.40951__10.76882,106.66899","10.53842,107.40951__10.76882,106.66899",directed_pair_key_by_code,99.1,37.0,,1 hr 30 min,,0.4359,-62.1,62.1,0.6266,SUSPECT_CHANGED,HIGH
17958,17960,16630000,PGD Phong Lan,106.6902538,20.8654375,34630000,PGD Gia Lộc,106.2962506,20.8812211,40.97350106266187,TP. Hải Phòng,180,58,"10 min
4.9 km",4.9,10 min,part/output_part_180/ket_qua_tu_0_den_99.xlsx,original_output,ok,16630000__34630000,16630000__34630000,"20.86544,106.69025__20.88122,106.29625","20.86544,106.69025__20.88122,106.29625",directed_pair_key_by_code,66.9,4.9,,10 min,,0.1196,-62.0,62.0,0.9268,SUSPECT_CHANGED,HIGH
17359,17361,16032000,PGD Kiến Thụy,106.664093,20.744869,34631000,PGD Chí Linh,106.3874774,21.1088944,49.6369654907664,TP. Hải Phòng,174,59,"17 min
6.3 km",6.3,17 min,part/output_part_174/ket_qua_tu_0_den_99.xlsx,original_output,ok,16032000__34631000,16032000__34631000,"20.74487,106.66409__21.10889,106.38748","20.74487,106.66409__21.10889,106.38748",directed_pair_key_by_code,68.3,6.3,,17 min,,0.1269,-62.0,62.0,0.9078,SUSPECT_CHANGED,HIGH
19812,19814,88030000,PGD Nguyễn An Ninh,107.0898627,10.3656844,94233000,PGD Trương Vĩnh Ký,106.6339046,10.7932417,68.87761342945969,TP. Hồ Chí Minh,199,12,"48 min
42.0 km",42.0,48 min,part/output_part_199/ket_qua_tu_0_den_99.xlsx,original_output,ok,88030000__94233000,88030000__94233000,"10.36568,107.08986__10.79324,106.63390","10.36568,107.08986__10.79324,106.63390",directed_pair_key_by_code,104.0,42.0,,48 min,,0.6098,-62.0,62.0,0.5962,SUSPECT_CHANGED,HIGH
20448,20450,88038000,PGD Long Điền,107.2164178,10.4169245,94234000,PGD Lãnh Binh Thăng,106.6486194,10.7644474,73.10818677753133,TP. Hồ Chí Minh,205,48,"40 min
30.4 km",30.4,40 min,part/output_part_205/ket_qua_tu_0_den_99.xlsx,original_output,ok,88038000__94234000,88038000__94234000,"10.41692,107.21642__10.76445,106.64862","10.41692,107.21642__10.76445,106.64862",directed_pair_key_by_code,92.3,30.4,,40 min,,0.4158,-61.9,61.9,0.6706,SUSPECT_CHANGED,HIGH
19239,19241,64034000,PGD Phú Giáo,106.7955924,11.29029,92000000,CN 5 Thành phố Hồ Chí Minh,106.6738508,10.756692,60.80305646805089,TP. Hồ Chí Minh,193,39,"26 min
14.6 km",14.6,26 min,part/output_part_193/ket_qua_tu_0_den_99.xlsx,original_output,ok,64034000__92000000,64034000__92000000,"11.29029,106.79559__10.75669,106.67385","10.75669,106.67385__11.29029,106.79559",directed_pair_key_by_code,76.4,14.6,,26 min,,0.2401,-61.8,61.8,0.8089,SUSPECT_CHANGED,HIGH
19235,19237,64034000,PGD Phú Giáo,106.7955924,11.29029,91034000,PGD Trung Sơn,106.6897068,10.7315771,63.19195660033597,TP. Hồ Chí Minh,193,35,"25 min
15.0 km",15.0,25 min,part/output_part_193/ket_qua_tu_0_den_99.xlsx,original_output,ok,64034000__91034000,64034000__91034000,"11.29029,106.79559__10.73158,106.68971","10.73158,106.68971__11.29029,106.79559",directed_pair_key_by_code,76.7,15.0,,25 min,,0.2374,-61.7,61.7,0.8044,SUSPECT_CHANGED,HIGH
19671,19673,88000000,CN Bà Rịa - Vũng Tàu,107.0753056,10.3481944,93230000,PGD Vĩnh Lộc,106.596,10.8158889,73.8190345558083,TP. Hồ Chí Minh,197,71,"1 hr 10 min
49.3 km",49.3,1 hr 10 min,part/output_part_197/ket_qua_tu_0_den_99.xlsx,original_output,ok,88000000__93230000,88000000__93230000,"10.34819,107.07531__10.81589,106.59600","10.34819,107.07531__10.81589,106.59600",directed_pair_key_by_code,111.0,49.3,,1 hr 10 min,,0.6678,-61.7,61.7,0.5559,SUSPECT_CHANGED,HIGH
17211,17213,16000000,CN Hải Phòng,106.6892541,20.8616368,34630000,PGD Gia Lộc,106.2962506,20.8812211,40.89057451191536,TP. Hải Phòng,173,11,"14 min
5.2 km",5.2,14 min,part/output_part_173/ket_qua_tu_0_den_99.xlsx,original_output,ok,16000000__34630000,16000000__34630000,"20.86164,106.68925__20.88122,106.29625","20.86164,106.68925__20.88122,106.29625",directed_pair_key_by_code,66.8,5.2,,14 min,,0.1272,-61.6,61.6,0.9222,SUSPECT_CHANGED,HIGH
17860,17862,16435000,PGD Trần Nguyên Hãn,106.6692966,20.8452886,34634000,PGD Thành Đông,106.3032013,20.9271165,39.10631754913877,TP. Hải Phòng,179,60,"16 min
8.4 km",8.4,16 min,part/output_part_179/ket_qua_tu_0_den_99.xlsx,original_output,ok,16435000__34634000,16435000__34634000,"20.84529,106.66930__20.92712,106.30320","20.84529,106.66930__20.92712,106.30320",directed_pair_key_by_code,70.0,8.4,,16 min,,0.2148,-61.6,61.6,0.88,SUSPECT_CHANGED,HIGH
18944,18946,64032000,PGD Mỹ Phước,106.6070371,11.1326431,90333000,PGD Vạn Phúc,106.7136198,10.8438678,34.15305811789342,TP. Hồ Chí Minh,190,44,"2 hr 2 min
104 km",104.0,2 hr 2 min,part/output_part_190/ket_qua_tu_0_den_99.xlsx,original_output,ok,64032000__90333000,64032000__90333000,"11.13264,106.60704__10.84387,106.71362","10.84387,106.71362__11.13264,106.60704",directed_pair_key_by_code,42.5,104.0,,2 hr 2 min,,3.0451,61.5,61.5,1.4471,SUSPECT_CHANGED,HIGH
19014,19016,64032000,PGD Mỹ Phước,106.6070371,11.1326431,94200000,CN 11 Thành phố Hồ Chí Minh,106.6474356,10.7568213,42.02162371479451,TP. Hồ Chí Minh,191,14,"2 hr 24 min
114 km",114.0,2 hr 24 min,part/output_part_191/ket_qua_tu_0_den_99.xlsx,original_output,ok,64032000__94200000,64032000__94200000,"11.13264,106.60704__10.75682,106.64744","10.75682,106.64744__11.13264,106.60704",directed_pair_key_by_code,52.5,114.0,,2 hr 24 min,,2.7129,61.5,61.5,1.1714,SUSPECT_CHANGED,HIGH
17540,17542,16200000,CN Đông Hải Phòng,106.7046494,20.8506619,34630000,PGD Gia Lộc,106.2962506,20.8812211,42.56948300293826,TP. Hải Phòng,176,40,"9 min
2.5 km",2.5,9 min,part/output_part_176/ket_qua_tu_0_den_99.xlsx,original_output,ok,16200000__34630000,16200000__34630000,"20.85066,106.70465__20.88122,106.29625","20.85066,106.70465__20.88122,106.29625",directed_pair_key_by_code,63.9,2.5,,9 min,,0.0587,-61.4,61.4,0.9609,SUSPECT_CHANGED,HIGH
19135,19137,64033000,PGD Dĩ An,106.7573326,10.9062265,92837000,PGD Gò Vấp,106.6828559,10.8289804,11.82885941576591,TP. Hồ Chí Minh,192,35,"1 hr 53 min
76.2 km",76.2,1 hr 53 min,part/output_part_192/ket_qua_tu_0_den_99.xlsx,original_output,ok,64033000__92837000,64033000__92837000,"10.90623,106.75733__10.82898,106.68286","10.82898,106.68286__10.90623,106.75733",directed_pair_key_by_code,15.0,76.2,,1 hr 53 min,,6.4419,61.2,61.2,4.08,SUSPECT_CHANGED,HIGH
20348,20350,88038000,PGD Long Điền,107.2164178,10.4169245,88041000,PGD Xuyên Mộc,107.4095097,10.5384199,25.06520370935187,TP. Hồ Chí Minh,204,48,"1 hr 43 min
91.6 km",91.6,1 hr 43 min,part/output_part_204/ket_qua_tu_0_den_99.xlsx,original_output,ok,88038000__88041000,88038000__88041000,"10.41692,107.21642__10.53842,107.40951","10.41692,107.21642__10.53842,107.40951",directed_pair_key_by_code,30.4,91.6,,1 hr 43 min,,3.6545,61.2,61.2,2.0132,SUSPECT_CHANGED,HIGH
18603,18605,64000000,CN Bình Dương,106.6670338,10.982933,94200000,CN 11 Thành phố Hồ Chí Minh,106.6474356,10.7568213,25.23342749319107,TP. Hồ Chí Minh,187,3,"1 hr 59 min
95.8 km",95.8,1 hr 59 min,part/output_part_187/ket_qua_tu_0_den_99.xlsx,original_output,ok,64000000__94200000,64000000__94200000,"10.98293,106.66703__10.75682,106.64744","10.75682,106.64744__10.98293,106.66703",directed_pair_key_by_code,34.7,95.8,,1 hr 59 min,,3.7966,61.1,61.1,1.7608,SUSPECT_CHANGED,HIGH
19572,19574,64036000,PGD Bàu Bàng,106.6362417,11.2429544,94830000,PGD Thuận Hưng,106.6060609,10.8567192,43.07357062290414,TP. Hồ Chí Minh,196,72,"1 hr 54 min
108 km",108.0,1 hr 54 min,part/output_part_196/ket_qua_tu_0_den_99.xlsx,original_output,ok,64036000__94830000,64036000__94830000,"11.24295,106.63624__10.85672,106.60606","10.85672,106.60606__11.24295,106.63624",directed_pair_key_by_code,47.0,108.0,,1 hr 54 min,,2.5073,61.0,61.0,1.2979,SUSPECT_CHANGED,HIGH
17996,17998,16632000,PGD An Dương,106.6140362,20.8638067,16800000,CN Ngô Quyền,106.6925006,20.8607247,8.160046362900598,TP. Hải Phòng,180,96,"1 hr 6 min
70.1 km",70.1,1 hr 6 min,part/output_part_180/ket_qua_tu_0_den_99.xlsx,original_output,ok,16632000__16800000,16632000__16800000,"20.86381,106.61404__20.86072,106.69250","20.86072,106.69250__20.86381,106.61404",directed_pair_key_by_code,9.2,70.1,,1 hr 6 min,,8.5906,60.9,60.9,6.6196,SUSPECT_CHANGED,HIGH
19137,19139,64033000,PGD Dĩ An,106.7573326,10.9062265,93030000,PGD Tây Thạnh,106.6237501,10.8147062,17.78660814206925,TP. Hồ Chí Minh,192,37,"2 hr 7 min
85.1 km",85.1,2 hr 7 min,part/output_part_192/ket_qua_tu_0_den_99.xlsx,original_output,ok,64033000__93030000,64033000__93030000,"10.90623,106.75733__10.81471,106.62375","10.81471,106.62375__10.90623,106.75733",directed_pair_key_by_code,24.2,85.1,,2 hr 7 min,,4.7845,60.9,60.9,2.5165,SUSPECT_CHANGED,HIGH
18052,18054,16635000,PGD Đình Vũ,106.8087885,20.8144857,34631000,PGD Chí Linh,106.3874774,21.1088944,54.63991092452466,TP. Hải Phòng,181,52,"50 min
34.2 km",34.2,50 min,part/output_part_181/ket_qua_tu_0_den_99.xlsx,original_output,ok,16635000__34631000,16635000__34631000,"20.81449,106.80879__21.10889,106.38748","20.81449,106.80879__21.10889,106.38748",directed_pair_key_by_code,95.0,34.2,,50 min,,0.6259,-60.8,60.8,0.64,SUSPECT_CHANGED,HIGH
20713,20715,88040000,PGD Tân Thành,107.05434,10.6022139,94733000,PGD Võ Văn Ngân,106.7723024,10.8518047,41.46918319960493,TP. Hồ Chí Minh,208,13,"2 hr 13 min
110 km",110.0,2 hr 13 min,part/output_part_208/ket_qua_tu_0_den_99.xlsx,original_output,ok,88040000__94733000,88040000__94733000,"10.60221,107.05434__10.85180,106.77230","10.60221,107.05434__10.85180,106.77230",directed_pair_key_by_code,49.4,110.0,,2 hr 13 min,,2.6526,60.6,60.6,1.2267,SUSPECT_CHANGED,HIGH
17215,17217,16000000,CN Hải Phòng,106.6892541,20.8616368,34634000,PGD Thành Đông,106.3032013,20.9271165,40.75983101644256,TP. Hải Phòng,173,15,"28 min
12.3 km",12.3,28 min,part/output_part_173/ket_qua_tu_0_den_99.xlsx,original_output,ok,16000000__34634000,16000000__34634000,"20.86164,106.68925__20.92712,106.30320","20.86164,106.68925__20.92712,106.30320",directed_pair_key_by_code,72.9,12.3,,28 min,,0.3018,-60.6,60.6,0.8313,SUSPECT_CHANGED,HIGH
17251,17253,16030000,PGD Dương Kinh,106.6977222,20.8173333,34036000,PGD Thanh Miện,106.2458398,20.7856639,47.10361405802381,TP. Hải Phòng,173,51,"13 min
4.3 km",4.3,13 min,part/output_part_173/ket_qua_tu_0_den_99.xlsx,original_output,ok,16030000__34036000,16030000__34036000,"20.81733,106.69772__20.78566,106.24584","20.78566,106.24584__20.81733,106.69772",directed_pair_key_by_code,64.8,4.3,,13 min,,0.0913,-60.5,60.5,0.9336,SUSPECT_CHANGED,HIGH
19130,19132,64033000,PGD Dĩ An,106.7573326,10.9062265,92800000,CN 9 Thành phố Hồ Chí Minh,106.6788024,10.82797,12.21723306127317,TP. Hồ Chí Minh,192,30,"1 hr 53 min
76.2 km",76.2,1 hr 53 min,part/output_part_192/ket_qua_tu_0_den_99.xlsx,original_output,ok,64033000__92800000,64033000__92800000,"10.90623,106.75733__10.82797,106.67880","10.82797,106.67880__10.90623,106.75733",directed_pair_key_by_code,15.8,76.2,,1 hr 53 min,,6.2371,60.4,60.4,3.8228,SUSPECT_CHANGED,HIGH
17966,17968,16631000,PGD Hùng Vương,106.6417341,20.8763509,16831000,PGD Võ Nguyên Giáp,106.6920974,20.8224515,7.956707983145948,TP. Hải Phòng,180,66,"1 hr 7 min
72.8 km",72.8,1 hr 7 min,part/output_part_180/ket_qua_tu_0_den_99.xlsx,original_output,ok,16631000__16831000,16631000__16831000,"20.87635,106.64173__20.82245,106.69210","20.82245,106.69210__20.87635,106.64173",directed_pair_key_by_code,12.5,72.8,,1 hr 7 min,,9.1495,60.3,60.3,4.824,SUSPECT_CHANGED,HIGH
19139,19141,64033000,PGD Dĩ An,106.7573326,10.9062265,93032000,PGD Hưng Phát,106.7146792,10.8009989,12.59386876470939,TP. Hồ Chí Minh,192,39,"1 hr 51 min
74.9 km",74.9,1 hr 51 min,part/output_part_192/ket_qua_tu_0_den_99.xlsx,original_output,ok,64033000__93032000,64033000__93032000,"10.90623,106.75733__10.80100,106.71468","10.80100,106.71468__10.90623,106.75733",directed_pair_key_by_code,14.6,74.9,,1 hr 51 min,,5.9473,60.3,60.3,4.1301,SUSPECT_CHANGED,HIGH
17723,17725,16432000,PGD Trần Hưng Đạo,106.6870194,20.8601165,16833000,PGD Lạch Tray,106.6955435,20.8379031,2.624042712563067,TP. Hải Phòng,178,23,"58 min
64.9 km",64.9,58 min,part/output_part_178/ket_qua_tu_0_den_99.xlsx,original_output,ok,16432000__16833000,16432000__16833000,"20.86012,106.68702__20.83790,106.69554","20.83790,106.69554__20.86012,106.68702",directed_pair_key_by_code,4.7,64.9,,58 min,,24.7328,60.2,60.2,12.8085,SUSPECT_CHANGED,HIGH
19171,19173,64033000,PGD Dĩ An,106.7573326,10.9062265,94733000,PGD Võ Văn Ngân,106.7723024,10.8518047,6.2683307774848,TP. Hồ Chí Minh,192,71,"1 hr 40 min
69.1 km",69.1,1 hr 40 min,part/output_part_192/ket_qua_tu_0_den_99.xlsx,original_output,ok,64033000__94733000,64033000__94733000,"10.90623,106.75733__10.85180,106.77230","10.85180,106.77230__10.90623,106.75733",directed_pair_key_by_code,8.9,69.1,,1 hr 40 min,,11.0237,60.2,60.2,6.764,SUSPECT_CHANGED,HIGH
17357,17359,16032000,PGD Kiến Thụy,106.664093,20.744869,34600000,CN Tây Hải Phòng,106.3111689,20.9346703,42.31491710621088,TP. Hải Phòng,174,57,"14 min
7.7 km",7.7,14 min,part/output_part_174/ket_qua_tu_0_den_99.xlsx,original_output,ok,16032000__34600000,16032000__34600000,"20.74487,106.66409__20.93467,106.31117","20.74487,106.66409__20.93467,106.31117",directed_pair_key_by_code,67.9,7.7,,14 min,,0.182,-60.2,60.2,0.8866,SUSPECT_CHANGED,HIGH
19044,19046,64033000,PGD Dĩ An,106.7573326,10.9062265,88000000,CN Bà Rịa - Vũng Tàu,107.0753056,10.3481944,71.11854638010374,TP. Hồ Chí Minh,191,44,"1 hr
42.8 km",42.8,1 hr,part/output_part_191/ket_qua_tu_0_den_99.xlsx,original_output,ok,64033000__88000000,64033000__88000000,"10.90623,106.75733__10.34819,107.07531","10.34819,107.07531__10.90623,106.75733",directed_pair_key_by_code,103.0,42.8,,1 hr,,0.6018,-60.2,60.2,0.5845,SUSPECT_CHANGED,HIGH
19131,19133,64033000,PGD Dĩ An,106.7573326,10.9062265,92830000,PGD An Nhơn,106.6667107,10.8488493,11.77409234693823,TP. Hồ Chí Minh,192,31,"1 hr 49 min
74.2 km",74.2,1 hr 49 min,part/output_part_192/ket_qua_tu_0_den_99.xlsx,original_output,ok,64033000__92830000,64033000__92830000,"10.90623,106.75733__10.84885,106.66671","10.84885,106.66671__10.90623,106.75733",directed_pair_key_by_code,14.1,74.2,,1 hr 49 min,,6.302,60.1,60.1,4.2624,SUSPECT_CHANGED,HIGH
18879,18881,64031000,PGD Tân Phước Khánh,106.7169545,11.003797,94230000,PGD Nguyễn Sơn,106.6259453,10.7820436,26.58503208155929,TP. Hồ Chí Minh,189,79,"2 hr 4 min
97.6 km",97.6,2 hr 4 min,part/output_part_189/ket_qua_tu_0_den_99.xlsx,original_output,ok,64031000__94230000,64031000__94230000,"11.00380,106.71695__10.78204,106.62595","10.78204,106.62595__11.00380,106.71695",directed_pair_key_by_code,37.7,97.6,,2 hr 4 min,,3.6712,59.9,59.9,1.5889,SUSPECT_CHANGED,HIGH
19582,19584,88000000,CN Bà Rịa - Vũng Tàu,107.0753056,10.3481944,88040000,PGD Tân Thành,107.05434,10.6022139,28.33859195673189,TP. Hồ Chí Minh,196,82,"1 hr 49 min
104 km",104.0,1 hr 49 min,part/output_part_196/ket_qua_tu_0_den_99.xlsx,original_output,ok,88000000__88040000,88000000__88040000,"10.34819,107.07531__10.60221,107.05434","10.34819,107.07531__10.60221,107.05434",directed_pair_key_by_code,44.2,104.0,,1 hr 49 min,,3.6699,59.8,59.8,1.3529,SUSPECT_CHANGED,HIGH
19533,19535,64036000,PGD Bàu Bàng,106.6362417,11.2429544,92836000,PGD Hạnh Thông Tây,106.6595606,10.8359748,45.32563333493223,TP. Hồ Chí Minh,196,33,"1 hr 55 min
108 km",108.0,1 hr 55 min,part/output_part_196/ket_qua_tu_0_den_99.xlsx,original_output,ok,64036000__92836000,64036000__92836000,"11.24295,106.63624__10.83597,106.65956","10.83597,106.65956__11.24295,106.63624",directed_pair_key_by_code,48.2,108.0,,1 hr 55 min,,2.3828,59.8,59.8,1.2407,SUSPECT_CHANGED,HIGH
17144,17146,32633000,PGD Hưng Phát,105.7503036,21.045557,32634000,PGD Từ Liêm,105.7974311,21.035894,5.00758225918162,TP. Hà Nội,172,44,"1 hr 2 min
65.4 km",65.4,1 hr 2 min,part/output_part_172/ket_qua_tu_0_den_99.xlsx,original_output,ok,32633000__32634000,32633000__32634000,"21.04556,105.75030__21.03589,105.79743","21.03589,105.79743__21.04556,105.75030",directed_pair_key_by_code,5.8,65.4,,1 hr 2 min,,13.0602,59.6,59.6,10.2759,SUSPECT_CHANGED,HIGH
19969,19971,88032000,PGD Thắng Nhất,107.1119125,10.3980829,88040000,PGD Tân Thành,107.05434,10.6022139,23.55498539941958,TP. Hồ Chí Minh,200,69,"1 hr 44 min
96.6 km",96.6,1 hr 44 min,part/output_part_200/ket_qua_tu_0_den_99.xlsx,original_output,ok,88032000__88040000,88032000__88040000,"10.39808,107.11191__10.60221,107.05434","10.39808,107.11191__10.60221,107.05434",directed_pair_key_by_code,37.0,96.6,,1 hr 44 min,,4.101,59.6,59.6,1.6108,SUSPECT_CHANGED,HIGH
19559,19561,64036000,PGD Bàu Bàng,106.6362417,11.2429544,94531000,PGD Hóc Môn,106.5932327,10.8876665,39.78408943900583,TP. Hồ Chí Minh,196,59,"1 hr 41 min
103 km",103.0,1 hr 41 min,part/output_part_196/ket_qua_tu_0_den_99.xlsx,original_output,ok,64036000__94531000,64036000__94531000,"11.24295,106.63624__10.88767,106.59323","10.88767,106.59323__11.24295,106.63624",directed_pair_key_by_code,43.4,103.0,,1 hr 41 min,,2.589,59.6,59.6,1.3733,SUSPECT_CHANGED,HIGH
18097,18099,16831000,PGD Võ Nguyên Giáp,106.6920974,20.8224515,34035000,PGD Cẩm Giàng,106.2497133,20.9356847,47.65422805178,TP. Hải Phòng,181,97,"17 min
10.7 km",10.7,17 min,part/output_part_181/ket_qua_tu_0_den_99.xlsx,original_output,ok,16831000__34035000,16831000__34035000,"20.82245,106.69210__20.93568,106.24971","20.82245,106.69210__20.93568,106.24971",directed_pair_key_by_code,70.1,10.7,,17 min,,0.2245,-59.4,59.4,0.8474,SUSPECT_CHANGED,HIGH
19712,19714,88030000,PGD Nguyễn An Ninh,107.0898627,10.3656844,88040000,PGD Tân Thành,107.05434,10.6022139,26.58615656371067,TP. Hồ Chí Minh,198,12,"1 hr 46 min
102 km",102.0,1 hr 46 min,part/output_part_198/ket_qua_tu_0_den_99.xlsx,original_output,ok,88030000__88040000,88030000__88040000,"10.36568,107.08986__10.60221,107.05434","10.36568,107.08986__10.60221,107.05434",directed_pair_key_by_code,42.7,102.0,,1 hr 46 min,,3.8366,59.3,59.3,1.3888,SUSPECT_CHANGED,HIGH
17824,17826,16434000,PGD Hoa Phượng,106.6919632,20.8290041,34634000,PGD Thành Đông,106.3032013,20.9271165,41.83750304428315,TP. Hải Phòng,179,24,"13 min
5.7 km",5.7,13 min,part/output_part_179/ket_qua_tu_0_den_99.xlsx,original_output,ok,16434000__34634000,16434000__34634000,"20.82900,106.69196__20.92712,106.30320","20.82900,106.69196__20.92712,106.30320",directed_pair_key_by_code,65.0,5.7,,13 min,,0.1362,-59.3,59.3,0.9123,SUSPECT_CHANGED,HIGH
17720,17722,16432000,PGD Trần Hưng Đạo,106.6870194,20.8601165,16800000,CN Ngô Quyền,106.6925006,20.8607247,0.5735325434122576,TP. Hải Phòng,178,20,"1 hr 29 min
60.9 km",60.9,1 hr 29 min,part/output_part_178/ket_qua_tu_0_den_99.xlsx,original_output,ok,16432000__16800000,16432000__16800000,"20.86012,106.68702__20.86072,106.69250","20.86012,106.68702__20.86072,106.69250",directed_pair_key_by_code,1.8,60.9,,1 hr 29 min,,106.184,59.1,59.1,32.8333,SUSPECT_CHANGED,HIGH
19134,19136,64033000,PGD Dĩ An,106.7573326,10.9062265,92836000,PGD Hạnh Thông Tây,106.6595606,10.8359748,13.22924152607385,TP. Hồ Chí Minh,192,34,"1 hr 52 min
75.6 km",75.6,1 hr 52 min,part/output_part_192/ket_qua_tu_0_den_99.xlsx,original_output,ok,64033000__92836000,64033000__92836000,"10.90623,106.75733__10.83597,106.65956","10.83597,106.65956__10.90623,106.75733",directed_pair_key_by_code,16.5,75.6,,1 hr 52 min,,5.7146,59.1,59.1,3.5818,SUSPECT_CHANGED,HIGH
19316,19318,64035000,PGD Tân Đông Hiệp,106.7422824,10.9280524,88034000,PGD Bà Rịa,107.1768403,10.4877553,68.20001772696337,TP. Hồ Chí Minh,194,16,"44 min
26.1 km",26.1,44 min,part/output_part_194/ket_qua_tu_0_den_99.xlsx,original_output,ok,64035000__88034000,64035000__88034000,"10.92805,106.74228__10.48776,107.17684","10.48776,107.17684__10.92805,106.74228",directed_pair_key_by_code,85.2,26.1,,44 min,,0.3827,-59.1,59.1,0.6937,SUSPECT_CHANGED,HIGH
17539,17541,16200000,CN Đông Hải Phòng,106.7046494,20.8506619,34600000,CN Tây Hải Phòng,106.3111689,20.9346703,41.93010616238388,TP. Hải Phòng,176,39,"36 min
16.6 km",16.6,36 min,part/output_part_176/ket_qua_tu_0_den_99.xlsx,original_output,ok,16200000__34600000,16200000__34600000,"20.85066,106.70465__20.93467,106.31117","20.85066,106.70465__20.93467,106.31117",directed_pair_key_by_code,75.4,16.6,,36 min,,0.3959,-58.8,58.8,0.7798,SUSPECT_CHANGED,HIGH
19416,19418,64035000,PGD Tân Đông Hiệp,106.7422824,10.9280524,94200000,CN 11 Thành phố Hồ Chí Minh,106.6474356,10.7568213,21.67524933475715,TP. Hồ Chí Minh,195,16,"1 hr 41 min
85.9 km",85.9,1 hr 41 min,part/output_part_195/ket_qua_tu_0_den_99.xlsx,original_output,ok,64035000__94200000,64035000__94200000,"10.92805,106.74228__10.75682,106.64744","10.75682,106.64744__10.92805,106.74228",directed_pair_key_by_code,27.2,85.9,,1 hr 41 min,,3.963,58.7,58.7,2.1581,SUSPECT_CHANGED,HIGH
17695,17697,16431000,PGD Hai Bà Trưng,106.6769427,20.8523679,34035000,PGD Cẩm Giàng,106.2497133,20.9356847,45.33851822355441,TP. Hải Phòng,177,95,"24 min
13.7 km",13.7,24 min,part/output_part_177/ket_qua_tu_0_den_99.xlsx,original_output,ok,16431000__34035000,16431000__34035000,"20.85237,106.67694__20.93568,106.24971","20.85237,106.67694__20.93568,106.24971",directed_pair_key_by_code,72.4,13.7,,24 min,,0.3022,-58.7,58.7,0.8108,SUSPECT_CHANGED,HIGH
19184,19186,64034000,PGD Phú Giáo,106.7955924,11.29029,88038000,PGD Long Điền,107.2164178,10.4169245,107.438755296377,TP. Hồ Chí Minh,192,84,"1 hr 51 min
74.3 km",74.3,1 hr 51 min,part/output_part_192/ket_qua_tu_0_den_99.xlsx,original_output,ok,64034000__88038000,64034000__88038000,"11.29029,106.79559__10.41692,107.21642","10.41692,107.21642__11.29029,106.79559",directed_pair_key_by_code,133.0,74.3,,1 hr 51 min,,0.6916,-58.7,58.7,0.4414,SUSPECT_CHANGED,HIGH
20706,20708,88040000,PGD Tân Thành,107.05434,10.6022139,94630000,PGD Tô Ngọc Vân,106.7487842,10.8588784,43.91912711832659,TP. Hồ Chí Minh,208,6,"2 hr 12 min
109 km",109.0,2 hr 12 min,part/output_part_208/ket_qua_tu_0_den_99.xlsx,original_output,ok,88040000__94630000,88040000__94630000,"10.60221,107.05434__10.85888,106.74878","10.60221,107.05434__10.85888,106.74878",directed_pair_key_by_code,50.4,109.0,,2 hr 12 min,,2.4818,58.6,58.6,1.1627,SUSPECT_CHANGED,HIGH
19219,19221,64034000,PGD Phú Giáo,106.7955924,11.29029,90600000,CN 3 Thành phố Hồ Chí Minh,106.6819475,10.7697554,59.19491615348961,TP. Hồ Chí Minh,193,19,"28 min
15.3 km",15.3,28 min,part/output_part_193/ket_qua_tu_0_den_99.xlsx,original_output,ok,64034000__90600000,64034000__90600000,"11.29029,106.79559__10.76976,106.68195","10.76976,106.68195__11.29029,106.79559",directed_pair_key_by_code,73.9,15.3,,28 min,,0.2585,-58.6,58.6,0.793,SUSPECT_CHANGED,HIGH
19230,19232,64034000,PGD Phú Giáo,106.7955924,11.29029,91000000,CN Nam Sài Gòn,106.7002387,10.739119,62.16489375998026,TP. Hồ Chí Minh,193,30,"27 min
15.8 km",15.8,27 min,part/output_part_193/ket_qua_tu_0_den_99.xlsx,original_output,ok,64034000__91000000,64034000__91000000,"11.29029,106.79559__10.73912,106.70024","10.73912,106.70024__11.29029,106.79559",directed_pair_key_by_code,74.4,15.8,,27 min,,0.2542,-58.6,58.6,0.7876,SUSPECT_CHANGED,HIGH
19667,19669,88000000,CN Bà Rịa - Vũng Tàu,107.0753056,10.3481944,93030000,PGD Tây Thạnh,106.6237501,10.8147062,71.60294722326375,TP. Hồ Chí Minh,197,67,"1 hr 12 min
49.4 km",49.4,1 hr 12 min,part/output_part_197/ket_qua_tu_0_den_99.xlsx,original_output,ok,88000000__93030000,88000000__93030000,"10.34819,107.07531__10.81471,106.62375","10.34819,107.07531__10.81471,106.62375",directed_pair_key_by_code,108.0,49.4,,1 hr 12 min,,0.6899,-58.6,58.6,0.5426,SUSPECT_CHANGED,HIGH
17362,17364,16032000,PGD Kiến Thụy,106.664093,20.744869,34634000,PGD Thành Đông,106.3032013,20.9271165,42.62974620414776,TP. Hải Phòng,174,62,"20 min
7.7 km",7.7,20 min,part/output_part_174/ket_qua_tu_0_den_99.xlsx,original_output,ok,16032000__34634000,16032000__34634000,"20.74487,106.66409__20.92712,106.30320","20.74487,106.66409__20.92712,106.30320",directed_pair_key_by_code,66.2,7.7,,20 min,,0.1806,-58.5,58.5,0.8837,SUSPECT_CHANGED,HIGH
19232,19234,64034000,PGD Phú Giáo,106.7955924,11.29029,91031000,PGD Trần Xuân Soạn,106.7055348,10.7517129,60.68839660720369,TP. Hồ Chí Minh,193,32,"27 min
16.8 km",16.8,27 min,part/output_part_193/ket_qua_tu_0_den_99.xlsx,original_output,ok,64034000__91031000,64034000__91031000,"11.29029,106.79559__10.75171,106.70553","10.75171,106.70553__11.29029,106.79559",directed_pair_key_by_code,75.3,16.8,,27 min,,0.2768,-58.5,58.5,0.7769,SUSPECT_CHANGED,HIGH
17414,17416,16131000,PGD Phạm Hữu Điều,106.6673094,20.8414713,16400000,CN Lê Chân,106.6724123,20.8541282,1.503967010985721,TP. Hải Phòng,175,14,"1 hr 12 min
60.2 km",60.2,1 hr 12 min,part/output_part_175/ket_qua_tu_0_den_99.xlsx,original_output,ok,16131000__16400000,16131000__16400000,"20.84147,106.66731__20.85413,106.67241","20.84147,106.66731__20.85413,106.67241",directed_pair_key_by_code,1.8,60.2,,1 hr 12 min,,40.0275,58.4,58.4,32.4444,SUSPECT_CHANGED,HIGH
20707,20709,88040000,PGD Tân Thành,107.05434,10.6022139,94631000,PGD Nguyễn Duy Trinh,106.7743632,10.7885566,36.94801368943741,TP. Hồ Chí Minh,208,7,"1 hr 56 min
102 km",102.0,1 hr 56 min,part/output_part_208/ket_qua_tu_0_den_99.xlsx,original_output,ok,88040000__94631000,88040000__94631000,"10.60221,107.05434__10.78856,106.77436","10.60221,107.05434__10.78856,106.77436",directed_pair_key_by_code,43.7,102.0,,1 hr 56 min,,2.7606,58.3,58.3,1.3341,SUSPECT_CHANGED,HIGH
17929,17931,16600000,CN Hồng Bàng,106.6801217,20.8600773,34634000,PGD Thành Đông,106.3032013,20.9271165,39.85901809656385,TP. Hải Phòng,180,29,"23 min
15.9 km",15.9,23 min,part/output_part_180/ket_qua_tu_0_den_99.xlsx,original_output,ok,16600000__34634000,16600000__34634000,"20.86008,106.68012__20.92712,106.30320","20.86008,106.68012__20.92712,106.30320",directed_pair_key_by_code,74.2,15.9,,23 min,,0.3989,-58.3,58.3,0.7857,SUSPECT_CHANGED,HIGH
19633,19635,88000000,CN Bà Rịa - Vũng Tàu,107.0753056,10.3481944,91232000,PGD Tân Phú,106.64491,10.778592,67.1102663377658,TP. Hồ Chí Minh,197,33,"1 hr 13 min
47.9 km",47.9,1 hr 13 min,part/output_part_197/ket_qua_tu_0_den_99.xlsx,original_output,ok,88000000__91232000,88000000__91232000,"10.34819,107.07531__10.77859,106.64491","10.34819,107.07531__10.77859,106.64491",directed_pair_key_by_code,106.0,47.9,,1 hr 13 min,,0.7138,-58.1,58.1,0.5481,SUSPECT_CHANGED,HIGH
18285,18287,34000000,CN Hải Dương,106.3304357,20.9404918,34035000,PGD Cẩm Giàng,106.2497133,20.9356847,8.400250665067174,TP. Hải Phòng,183,85,"1 hr 4 min
68.1 km",68.1,1 hr 4 min,part/output_part_183/ket_qua_tu_0_den_99.xlsx,original_output,ok,34000000__34035000,34000000__34035000,"20.94049,106.33044__20.93568,106.24971","20.93568,106.24971__20.94049,106.33044",directed_pair_key_by_code,10.2,68.1,,1 hr 4 min,,8.1069,57.9,57.9,5.6765,SUSPECT_CHANGED,HIGH
17820,17822,16434000,PGD Hoa Phượng,106.6919632,20.8290041,34630000,PGD Gia Lộc,106.2962506,20.8812211,41.52640227358572,TP. Hải Phòng,179,20,"3 min
900 m",0.9,3 min,part/output_part_179/ket_qua_tu_0_den_99.xlsx,original_output,ok,16434000__34630000,16434000__34630000,"20.82900,106.69196__20.88122,106.29625","20.82900,106.69196__20.88122,106.29625",directed_pair_key_by_code,58.8,0.9,,3 min,,0.0217,-57.9,57.9,0.9847,SUSPECT_CHANGED,HIGH
18038,18040,16635000,PGD Đình Vũ,106.8087885,20.8144857,34033000,PGD Hải Tân,106.3309265,20.9216871,51.06120964389311,TP. Hải Phòng,181,38,"23 min
11.0 km",11.0,23 min,part/output_part_181/ket_qua_tu_0_den_99.xlsx,original_output,ok,16635000__34033000,16635000__34033000,"20.81449,106.80879__20.92169,106.33093","20.81449,106.80879__20.92169,106.33093",directed_pair_key_by_code,68.7,11.0,,23 min,,0.2154,-57.7,57.7,0.8399,SUSPECT_CHANGED,HIGH
17462,17464,16132000,PGD Thắng Lợi,106.6384466,20.8601613,16433000,PGD KCN VSIP,106.683083,20.904877,6.799057777728445,TP. Hải Phòng,175,62,"1 hr 2 min
66.4 km",66.4,1 hr 2 min,part/output_part_175/ket_qua_tu_0_den_99.xlsx,original_output,ok,16132000__16433000,16132000__16433000,"20.86016,106.63845__20.90488,106.68308","20.86016,106.63845__20.90488,106.68308",directed_pair_key_by_code,8.8,66.4,,1 hr 2 min,,9.7661,57.6,57.6,6.5455,SUSPECT_CHANGED,HIGH
17718,17720,16432000,PGD Trần Hưng Đạo,106.6870194,20.8601165,16632000,PGD An Dương,106.6140362,20.8638067,7.594431199408611,TP. Hải Phòng,178,18,"1 hr 2 min
66.6 km",66.6,1 hr 2 min,part/output_part_178/ket_qua_tu_0_den_99.xlsx,original_output,ok,16432000__16632000,16432000__16632000,"20.86012,106.68702__20.86381,106.61404","20.86012,106.68702__20.86381,106.61404",directed_pair_key_by_code,9.0,66.6,,1 hr 2 min,,8.7696,57.6,57.6,6.4,SUSPECT_CHANGED,HIGH
19124,19126,64033000,PGD Dĩ An,106.7573326,10.9062265,92600000,CN 8 Thành phố Hồ Chí Minh,106.6653111,10.7423991,20.80528538947486,TP. Hồ Chí Minh,192,24,"1 hr 56 min
81.5 km",81.5,1 hr 56 min,part/output_part_192/ket_qua_tu_0_den_99.xlsx,original_output,ok,64033000__92600000,64033000__92600000,"10.90623,106.75733__10.74240,106.66531","10.74240,106.66531__10.90623,106.75733",directed_pair_key_by_code,23.9,81.5,,1 hr 56 min,,3.9173,57.6,57.6,2.41,SUSPECT_CHANGED,HIGH
19570,19572,64036000,PGD Bàu Bàng,106.6362417,11.2429544,94733000,PGD Võ Văn Ngân,106.7723024,10.8518047,45.95879418264505,TP. Hồ Chí Minh,196,70,"1 hr 57 min
110 km",110.0,1 hr 57 min,part/output_part_196/ket_qua_tu_0_den_99.xlsx,original_output,ok,64036000__94733000,64036000__94733000,"11.24295,106.63624__10.85180,106.77230","10.85180,106.77230__11.24295,106.63624",directed_pair_key_by_code,52.4,110.0,,1 hr 57 min,,2.3934,57.6,57.6,1.0992,SUSPECT_CHANGED,HIGH
17245,17247,16030000,PGD Dương Kinh,106.6977222,20.8173333,34000000,CN Hải Dương,106.3304357,20.9404918,40.54166951465758,TP. Hải Phòng,173,45,"24 min
7.8 km",7.8,24 min,part/output_part_173/ket_qua_tu_0_den_99.xlsx,original_output,ok,16030000__34000000,16030000__34000000,"20.81733,106.69772__20.94049,106.33044","20.81733,106.69772__20.94049,106.33044",directed_pair_key_by_code,65.4,7.8,,24 min,,0.1924,-57.6,57.6,0.8807,SUSPECT_CHANGED,HIGH
18098,18100,16831000,PGD Võ Nguyên Giáp,106.6920974,20.8224515,34036000,PGD Thanh Miện,106.2458398,20.7856639,46.56634465618472,TP. Hải Phòng,181,98,"21 min
10.3 km",10.3,21 min,part/output_part_181/ket_qua_tu_0_den_99.xlsx,original_output,ok,16831000__34036000,16831000__34036000,"20.82245,106.69210__20.78566,106.24584","20.78566,106.24584__20.82245,106.69210",directed_pair_key_by_code,67.9,10.3,,21 min,,0.2212,-57.6,57.6,0.8483,SUSPECT_CHANGED,HIGH
19563,19565,64036000,PGD Bàu Bàng,106.6362417,11.2429544,94630000,PGD Tô Ngọc Vân,106.7487842,10.8588784,44.43836967247343,TP. Hồ Chí Minh,196,63,"1 hr 46 min
106 km",106.0,1 hr 46 min,part/output_part_196/ket_qua_tu_0_den_99.xlsx,original_output,ok,64036000__94630000,64036000__94630000,"11.24295,106.63624__10.85888,106.74878","10.85888,106.74878__11.24295,106.63624",directed_pair_key_by_code,48.6,106.0,,1 hr 46 min,,2.3853,57.4,57.4,1.1811,SUSPECT_CHANGED,HIGH
19662,19664,88000000,CN Bà Rịa - Vũng Tàu,107.0753056,10.3481944,92831000,PGD Hiệp Thành,106.6434221,10.8767708,75.38244321818199,TP. Hồ Chí Minh,197,62,"1 hr 17 min
51.6 km",51.6,1 hr 17 min,part/output_part_197/ket_qua_tu_0_den_99.xlsx,original_output,ok,88000000__92831000,88000000__92831000,"10.34819,107.07531__10.87677,106.64342","10.34819,107.07531__10.87677,106.64342",directed_pair_key_by_code,109.0,51.6,,1 hr 17 min,,0.6845,-57.4,57.4,0.5266,SUSPECT_CHANGED,HIGH
20712,20714,88040000,PGD Tân Thành,107.05434,10.6022139,94731000,PGD METRO,106.7414503,10.8007134,40.69286835818271,TP. Hồ Chí Minh,208,12,"2 hr 1 min
105 km",105.0,2 hr 1 min,part/output_part_208/ket_qua_tu_0_den_99.xlsx,original_output,ok,88040000__94731000,88040000__94731000,"10.60221,107.05434__10.80071,106.74145","10.60221,107.05434__10.80071,106.74145",directed_pair_key_by_code,47.7,105.0,,2 hr 1 min,,2.5803,57.3,57.3,1.2013,SUSPECT_CHANGED,HIGH
17579,17581,16230000,PGD Đồ Sơn,106.7828225,20.7164627,34432000,PGD Tiền Trung,106.3749916,20.9702105,50.9142471703535,TP. Hải Phòng,176,79,"37 min
18.5 km",18.5,37 min,part/output_part_176/ket_qua_tu_0_den_99.xlsx,original_output,ok,16230000__34432000,16230000__34432000,"20.71646,106.78282__20.97021,106.37499","20.71646,106.78282__20.97021,106.37499",directed_pair_key_by_code,75.8,18.5,,37 min,,0.3634,-57.3,57.3,0.7559,SUSPECT_CHANGED,HIGH
17997,17999,16632000,PGD An Dương,106.6140362,20.8638067,16831000,PGD Võ Nguyên Giáp,106.6920974,20.8224515,9.324721935389212,TP. Hải Phòng,180,97,"1 hr 1 min
67.9 km",67.9,1 hr 1 min,part/output_part_180/ket_qua_tu_0_den_99.xlsx,original_output,ok,16632000__16831000,16632000__16831000,"20.86381,106.61404__20.82245,106.69210","20.82245,106.69210__20.86381,106.61404",directed_pair_key_by_code,10.7,67.9,,1 hr 1 min,,7.2817,57.2,57.2,5.3458,SUSPECT_CHANGED,HIGH
18964,18966,64032000,PGD Mỹ Phước,106.6070371,11.1326431,91032000,PGD Hùynh Tấn Phát,106.7368263,10.7145422,48.60237659900817,TP. Hồ Chí Minh,190,64,"5 min
2.8 km",2.8,5 min,part/output_part_190/ket_qua_tu_0_den_99.xlsx,original_output,ok,64032000__91032000,64032000__91032000,"11.13264,106.60704__10.71454,106.73683","10.71454,106.73683__11.13264,106.60704",directed_pair_key_by_code,60.0,2.8,,5 min,,0.0576,-57.2,57.2,0.9533,SUSPECT_CHANGED,HIGH
20347,20349,88038000,PGD Long Điền,107.2164178,10.4169245,88040000,PGD Tân Thành,107.05434,10.6022139,27.1751726763735,TP. Hồ Chí Minh,204,47,"1 hr 45 min
90.4 km",90.4,1 hr 45 min,part/output_part_204/ket_qua_tu_0_den_99.xlsx,original_output,ok,88038000__88040000,88038000__88040000,"10.41692,107.21642__10.60221,107.05434","10.41692,107.21642__10.60221,107.05434",directed_pair_key_by_code,33.3,90.4,,1 hr 45 min,,3.3266,57.1,57.1,1.7147,SUSPECT_CHANGED,HIGH
17264,17266,16030000,PGD Dương Kinh,106.6977222,20.8173333,34633000,PGD Nam Sách,106.331765,20.995948,42.88928842359613,TP. Hải Phòng,173,64,"32 min
15.3 km",15.3,32 min,part/output_part_173/ket_qua_tu_0_den_99.xlsx,original_output,ok,16030000__34633000,16030000__34633000,"20.81733,106.69772__20.99595,106.33177","20.81733,106.69772__20.99595,106.33177",directed_pair_key_by_code,72.3,15.3,,32 min,,0.3567,-57.0,57.0,0.7884,SUSPECT_CHANGED,HIGH
17596,17598,16231000,PGD Tràng Duệ,106.5730673,20.8573589,16630000,PGD Phong Lan,106.6902538,20.8654375,12.2094291275899,TP. Hải Phòng,176,96,"1 hr 18 min
71.1 km",71.1,1 hr 18 min,part/output_part_176/ket_qua_tu_0_den_99.xlsx,original_output,ok,16231000__16630000,16231000__16630000,"20.85736,106.57307__20.86544,106.69025","20.85736,106.57307__20.86544,106.69025",directed_pair_key_by_code,14.2,71.1,,1 hr 18 min,,5.8234,56.9,56.9,4.007,SUSPECT_CHANGED,HIGH
19532,19534,64036000,PGD Bàu Bàng,106.6362417,11.2429544,92835000,PGD Cây Trâm,106.6478401,10.8439536,44.38497909949621,TP. Hồ Chí Minh,196,32,"1 hr 51 min
105 km",105.0,1 hr 51 min,part/output_part_196/ket_qua_tu_0_den_99.xlsx,original_output,ok,64036000__92835000,64036000__92835000,"11.24295,106.63624__10.84395,106.64784","10.84395,106.64784__11.24295,106.63624",directed_pair_key_by_code,48.1,105.0,,1 hr 51 min,,2.3657,56.9,56.9,1.183,SUSPECT_CHANGED,HIGH
17847,17849,16435000,PGD Trần Nguyên Hãn,106.6692966,20.8452886,34037000,PGD Bình Giang,106.1505193,20.9069647,54.33314009443674,TP. Hải Phòng,179,47,"43 min
24.6 km",24.6,43 min,part/output_part_179/ket_qua_tu_0_den_99.xlsx,original_output,ok,16435000__34037000,16435000__34037000,"20.84529,106.66930__20.90696,106.15052","20.84529,106.66930__20.90696,106.15052",directed_pair_key_by_code,81.5,24.6,,43 min,,0.4528,-56.9,56.9,0.6982,SUSPECT_CHANGED,HIGH
17683,17685,16431000,PGD Hai Bà Trưng,106.6769427,20.8523679,16832000,PGD Đà Nẵng,106.70363,20.861018,2.935122986584852,TP. Hải Phòng,177,83,"51 min
60.5 km",60.5,51 min,part/output_part_177/ket_qua_tu_0_den_99.xlsx,original_output,ok,16431000__16832000,16431000__16832000,"20.85237,106.67694__20.86102,106.70363","20.85237,106.67694__20.86102,106.70363",directed_pair_key_by_code,3.8,60.5,,51 min,,20.6124,56.7,56.7,14.9211,SUSPECT_CHANGED,HIGH
19121,19123,64033000,PGD Dĩ An,106.7573326,10.9062265,92431000,PGD Bình Hòa,106.697804,10.813936,12.14797691955523,TP. Hồ Chí Minh,192,21,"1 hr 43 min
70.5 km",70.5,1 hr 43 min,part/output_part_192/ket_qua_tu_0_den_99.xlsx,original_output,ok,64033000__92431000,64033000__92431000,"10.90623,106.75733__10.81394,106.69780","10.81394,106.69780__10.90623,106.75733",directed_pair_key_by_code,13.8,70.5,,1 hr 43 min,,5.8034,56.7,56.7,4.1087,SUSPECT_CHANGED,HIGH
19138,19140,64033000,PGD Dĩ An,106.7573326,10.9062265,93031000,PGD Phan Đăng Lưu,106.6904371,10.8035891,13.55063167664091,TP. Hồ Chí Minh,192,38,"1 hr 49 min
72.2 km",72.2,1 hr 49 min,part/output_part_192/ket_qua_tu_0_den_99.xlsx,original_output,ok,64033000__93031000,64033000__93031000,"10.90623,106.75733__10.80359,106.69044","10.80359,106.69044__10.90623,106.75733",directed_pair_key_by_code,15.6,72.2,,1 hr 49 min,,5.3282,56.6,56.6,3.6282,SUSPECT_CHANGED,HIGH
17161,17163,32830000,PGD Trung Chính,105.8008666,21.0094211,32834000,PGD Xuân Mai,105.5765428,20.8985516,26.35524608678144,TP. Hà Nội,172,61,"1 hr 33 min
88.8 km",88.8,1 hr 33 min,part/output_part_172/ket_qua_tu_0_den_99.xlsx,original_output,ok,32830000__32834000,32830000__32834000,"21.00942,105.80087__20.89855,105.57654","20.89855,105.57654__21.00942,105.80087",directed_pair_key_by_code,32.2,88.8,,1 hr 33 min,,3.3693,56.6,56.6,1.7578,SUSPECT_CHANGED,HIGH
19561,19563,64036000,PGD Bàu Bàng,106.6362417,11.2429544,94534000,PGD Lê Văn Sỹ,106.664652,10.796715,49.7164198160942,TP. Hồ Chí Minh,196,61,"1 hr 59 min
114 km",114.0,1 hr 59 min,part/output_part_196/ket_qua_tu_0_den_99.xlsx,original_output,ok,64036000__94534000,64036000__94534000,"11.24295,106.63624__10.79672,106.66465","10.79672,106.66465__11.24295,106.63624",directed_pair_key_by_code,57.4,114.0,,1 hr 59 min,,2.293,56.6,56.6,0.9861,SUSPECT_CHANGED,HIGH
19318,19320,64035000,PGD Tân Đông Hiệp,106.7422824,10.9280524,88039000,PGD Châu Đức,107.2451534,10.6454008,63.28485925359389,TP. Hồ Chí Minh,194,18,"40 min
24.3 km",24.3,40 min,part/output_part_194/ket_qua_tu_0_den_99.xlsx,original_output,ok,64035000__88039000,64035000__88039000,"10.92805,106.74228__10.64540,107.24515","10.64540,107.24515__10.92805,106.74228",directed_pair_key_by_code,80.9,24.3,,40 min,,0.384,-56.6,56.6,0.6996,SUSPECT_CHANGED,HIGH
17146,17148,32633000,PGD Hưng Phát,105.7503036,21.045557,32830000,PGD Trung Chính,105.8008666,21.0094211,6.609571354491129,TP. Hà Nội,172,46,"1 hr 1 min
65.1 km",65.1,1 hr 1 min,part/output_part_172/ket_qua_tu_0_den_99.xlsx,original_output,ok,32633000__32830000,32633000__32830000,"21.04556,105.75030__21.00942,105.80087","21.00942,105.80087__21.04556,105.75030",directed_pair_key_by_code,8.6,65.1,,1 hr 1 min,,9.8494,56.5,56.5,6.5698,SUSPECT_CHANGED,HIGH
17145,17147,32633000,PGD Hưng Phát,105.7503036,21.045557,32800000,CN Tây Thăng Long,105.7328363,21.0059239,4.765345960775767,TP. Hà Nội,172,45,"1 hr
65.8 km",65.8,1 hr,part/output_part_172/ket_qua_tu_0_den_99.xlsx,original_output,ok,32633000__32800000,32633000__32800000,"21.04556,105.75030__21.00592,105.73284","21.00592,105.73284__21.04556,105.75030",directed_pair_key_by_code,9.4,65.8,,1 hr,,13.808,56.4,56.4,6.0,SUSPECT_CHANGED,HIGH
19221,19223,64034000,PGD Phú Giáo,106.7955924,11.29029,90632000,PGD Vườn Chuối,106.6839927,10.7723266,58.86878934898191,TP. Hồ Chí Minh,193,21,"24 min
13.8 km",13.8,24 min,part/output_part_193/ket_qua_tu_0_den_99.xlsx,original_output,ok,64034000__90632000,64034000__90632000,"11.29029,106.79559__10.77233,106.68399","10.77233,106.68399__11.29029,106.79559",directed_pair_key_by_code,70.2,13.8,,24 min,,0.2344,-56.4,56.4,0.8034,SUSPECT_CHANGED,HIGH
19659,19661,88000000,CN Bà Rịa - Vũng Tàu,107.0753056,10.3481944,92636000,PGD LaKai,106.6683425,10.7614071,63.9546536151674,TP. Hồ Chí Minh,197,59,"1 hr 1 min
43.6 km",43.6,1 hr 1 min,part/output_part_197/ket_qua_tu_0_den_99.xlsx,original_output,ok,88000000__92636000,88000000__92636000,"10.34819,107.07531__10.76141,106.66834","10.34819,107.07531__10.76141,106.66834",directed_pair_key_by_code,100.0,43.6,,1 hr 1 min,,0.6817,-56.4,56.4,0.564,SUSPECT_CHANGED,HIGH
19739,19741,88030000,PGD Nguyễn An Ninh,107.0898627,10.3656844,90333000,PGD Vạn Phúc,106.7136198,10.8438678,67.21766454943474,TP. Hồ Chí Minh,198,39,"49 min
41.2 km",41.2,49 min,part/output_part_198/ket_qua_tu_0_den_99.xlsx,original_output,ok,88030000__90333000,88030000__90333000,"10.36568,107.08986__10.84387,106.71362","10.36568,107.08986__10.84387,106.71362",directed_pair_key_by_code,97.5,41.2,,49 min,,0.6129,-56.3,56.3,0.5774,SUSPECT_CHANGED,HIGH
17641,17643,16400000,CN Lê Chân,106.6724123,20.8541282,16800000,CN Ngô Quyền,106.6925006,20.8607247,2.21246921910751,TP. Hải Phòng,177,41,"1 hr 30 min
59.6 km",59.6,1 hr 30 min,part/output_part_177/ket_qua_tu_0_den_99.xlsx,original_output,ok,16400000__16800000,16400000__16800000,"20.85413,106.67241__20.86072,106.69250","20.85413,106.67241__20.86072,106.69250",directed_pair_key_by_code,3.4,59.6,,1 hr 30 min,,26.9382,56.2,56.2,16.5294,SUSPECT_CHANGED,HIGH
17583,17585,16230000,PGD Đồ Sơn,106.7828225,20.7164627,34630000,PGD Gia Lộc,106.2962506,20.8812211,53.7942537541137,TP. Hải Phòng,176,83,"15 min
4.3 km",4.3,15 min,part/output_part_176/ket_qua_tu_0_den_99.xlsx,original_output,ok,16230000__34630000,16230000__34630000,"20.71646,106.78282__20.88122,106.29625","20.71646,106.78282__20.88122,106.29625",directed_pair_key_by_code,60.5,4.3,,15 min,,0.0799,-56.2,56.2,0.9289,SUSPECT_CHANGED,HIGH
19150,19152,64033000,PGD Dĩ An,106.7573326,10.9062265,94230000,PGD Nguyễn Sơn,106.6259453,10.7820436,19.91385055427905,TP. Hồ Chí Minh,192,50,"1 hr 53 min
80.2 km",80.2,1 hr 53 min,part/output_part_192/ket_qua_tu_0_den_99.xlsx,original_output,ok,64033000__94230000,64033000__94230000,"10.90623,106.75733__10.78204,106.62595","10.78204,106.62595__10.90623,106.75733",directed_pair_key_by_code,24.1,80.2,,1 hr 53 min,,4.0273,56.1,56.1,2.3278,SUSPECT_CHANGED,HIGH
18943,18945,64032000,PGD Mỹ Phước,106.6070371,11.1326431,90332000,PGD Thảo Điền,106.7360342,10.8052701,39.03102820071548,TP. Hồ Chí Minh,190,43,"2 hr 7 min
106 km",106.0,2 hr 7 min,part/output_part_190/ket_qua_tu_0_den_99.xlsx,original_output,ok,64032000__90332000,64032000__90332000,"11.13264,106.60704__10.80527,106.73603","10.80527,106.73603__11.13264,106.60704",directed_pair_key_by_code,49.9,106.0,,2 hr 7 min,,2.7158,56.1,56.1,1.1242,SUSPECT_CHANGED,HIGH
17657,17659,16400000,CN Lê Chân,106.6724123,20.8541282,34037000,PGD Bình Giang,106.1505193,20.9069647,54.53806834855572,TP. Hải Phòng,177,57,"31 min
23.9 km",23.9,31 min,part/output_part_177/ket_qua_tu_0_den_99.xlsx,original_output,ok,16400000__34037000,16400000__34037000,"20.85413,106.67241__20.90696,106.15052","20.85413,106.67241__20.90696,106.15052",directed_pair_key_by_code,80.0,23.9,,31 min,,0.4382,-56.1,56.1,0.7013,SUSPECT_CHANGED,HIGH
19631,19633,88000000,CN Bà Rịa - Vũng Tàu,107.0753056,10.3481944,91034000,PGD Trung Sơn,106.6897068,10.7315771,59.9518990592162,TP. Hồ Chí Minh,197,31,"1 hr 3 min
43.7 km",43.7,1 hr 3 min,part/output_part_197/ket_qua_tu_0_den_99.xlsx,original_output,ok,88000000__91034000,88000000__91034000,"10.34819,107.07531__10.73158,106.68971","10.34819,107.07531__10.73158,106.68971",directed_pair_key_by_code,99.8,43.7,,1 hr 3 min,,0.7289,-56.1,56.1,0.5621,SUSPECT_CHANGED,HIGH
17971,17973,16631000,PGD Hùng Vương,106.6417341,20.8763509,16930000,PGD Tôn Đức Thắng,106.6661913,20.8617835,3.013482130005283,TP. Hải Phòng,180,71,"1 hr 3 min
59.1 km",59.1,1 hr 3 min,part/output_part_180/ket_qua_tu_0_den_99.xlsx,original_output,ok,16631000__16930000,16631000__16930000,"20.87635,106.64173__20.86178,106.66619","20.86178,106.66619__20.87635,106.64173",directed_pair_key_by_code,3.2,59.1,,1 hr 3 min,,19.6119,55.9,55.9,17.4688,SUSPECT_CHANGED,HIGH
17246,17248,16030000,PGD Dương Kinh,106.6977222,20.8173333,34030000,PGD Trần Phú,106.327244,20.9367914,40.71829568188452,TP. Hải Phòng,173,46,"23 min
8.7 km",8.7,23 min,part/output_part_173/ket_qua_tu_0_den_99.xlsx,original_output,ok,16030000__34030000,16030000__34030000,"20.81733,106.69772__20.93679,106.32724","20.81733,106.69772__20.93679,106.32724",directed_pair_key_by_code,64.6,8.7,,23 min,,0.2137,-55.9,55.9,0.8653,SUSPECT_CHANGED,HIGH
19175,19177,64033000,PGD Dĩ An,106.7573326,10.9062265,94835000,PGD Quang Trung,106.6408893,10.8439372,14.47944109625652,TP. Hồ Chí Minh,192,75,"1 hr 49 min
73.9 km",73.9,1 hr 49 min,part/output_part_192/ket_qua_tu_0_den_99.xlsx,original_output,ok,64033000__94835000,64033000__94835000,"10.90623,106.75733__10.84394,106.64089","10.84394,106.64089__10.90623,106.75733",directed_pair_key_by_code,18.1,73.9,,1 hr 49 min,,5.1038,55.8,55.8,3.0829,SUSPECT_CHANGED,HIGH
20709,20711,88040000,PGD Tân Thành,107.05434,10.6022139,94633000,PGD Đỗ Xuân Hợp,106.7687958,10.8279369,40.04068488076435,TP. Hồ Chí Minh,208,9,"1 hr 55 min
102 km",102.0,1 hr 55 min,part/output_part_208/ket_qua_tu_0_den_99.xlsx,original_output,ok,88040000__94633000,88040000__94633000,"10.60221,107.05434__10.82794,106.76880","10.60221,107.05434__10.82794,106.76880",directed_pair_key_by_code,46.2,102.0,,1 hr 55 min,,2.5474,55.8,55.8,1.2078,SUSPECT_CHANGED,HIGH
20705,20707,88040000,PGD Tân Thành,107.05434,10.6022139,94600000,CN Đông Sài Gòn,106.771314,10.8465447,41.16130809396059,TP. Hồ Chí Minh,208,5,"1 hr 58 min
104 km",104.0,1 hr 58 min,part/output_part_208/ket_qua_tu_0_den_99.xlsx,original_output,ok,88040000__94600000,88040000__94600000,"10.60221,107.05434__10.84654,106.77131","10.60221,107.05434__10.84654,106.77131",directed_pair_key_by_code,48.2,104.0,,1 hr 58 min,,2.5266,55.8,55.8,1.1577,SUSPECT_CHANGED,HIGH
18945,18947,64032000,PGD Mỹ Phước,106.6070371,11.1326431,90334000,PGD Vinhomes Tân Cảng,106.7210417,10.7941608,39.64181543152021,TP. Hồ Chí Minh,190,45,"2 hr 4 min
105 km",105.0,2 hr 4 min,part/output_part_190/ket_qua_tu_0_den_99.xlsx,original_output,ok,64032000__90334000,64032000__90334000,"11.13264,106.60704__10.79416,106.72104","10.79416,106.72104__11.13264,106.60704",directed_pair_key_by_code,49.2,105.0,,2 hr 4 min,,2.6487,55.8,55.8,1.1341,SUSPECT_CHANGED,HIGH
19222,19224,64034000,PGD Phú Giáo,106.7955924,11.29029,90635000,PGD Đô Thành,106.6756618,10.7892362,57.23153042823255,TP. Hồ Chí Minh,193,22,"22 min
12.8 km",12.8,22 min,part/output_part_193/ket_qua_tu_0_den_99.xlsx,original_output,ok,64034000__90635000,64034000__90635000,"11.29029,106.79559__10.78924,106.67566","10.78924,106.67566__11.29029,106.79559",directed_pair_key_by_code,68.6,12.8,,22 min,,0.2237,-55.8,55.8,0.8134,SUSPECT_CHANGED,HIGH
19244,19246,64034000,PGD Phú Giáo,106.7955924,11.29029,92038000,PGD Bình Tây,106.6366052,10.7484977,62.69392522938036,TP. Hồ Chí Minh,193,44,"36 min
20.3 km",20.3,36 min,part/output_part_193/ket_qua_tu_0_den_99.xlsx,original_output,ok,64034000__92038000,64034000__92038000,"11.29029,106.79559__10.74850,106.63661","10.74850,106.63661__11.29029,106.79559",directed_pair_key_by_code,76.1,20.3,,36 min,,0.3238,-55.8,55.8,0.7332,SUSPECT_CHANGED,HIGH
17791,17793,16434000,PGD Hoa Phượng,106.6919632,20.8290041,16630000,PGD Phong Lan,106.6902538,20.8654375,4.055107291759941,TP. Hải Phòng,178,91,"1 hr 23 min
61.8 km",61.8,1 hr 23 min,part/output_part_178/ket_qua_tu_0_den_99.xlsx,original_output,ok,16434000__16630000,16434000__16630000,"20.82900,106.69196__20.86544,106.69025","20.82900,106.69196__20.86544,106.69025",directed_pair_key_by_code,6.1,61.8,,1 hr 23 min,,15.24,55.7,55.7,9.1311,SUSPECT_CHANGED,HIGH
19148,19150,64033000,PGD Dĩ An,106.7573326,10.9062265,94033000,PGD Tô Hiến Thành,106.6680151,10.7796478,17.12457179098855,TP. Hồ Chí Minh,192,48,"1 hr 46 min
75.8 km",75.8,1 hr 46 min,part/output_part_192/ket_qua_tu_0_den_99.xlsx,original_output,ok,64033000__94033000,64033000__94033000,"10.90623,106.75733__10.77965,106.66802","10.77965,106.66802__10.90623,106.75733",directed_pair_key_by_code,20.1,75.8,,1 hr 46 min,,4.4264,55.7,55.7,2.7711,SUSPECT_CHANGED,HIGH
18960,18962,64032000,PGD Mỹ Phước,106.6070371,11.1326431,90836000,PGD Nguyễn Lương Bằng,106.7284493,10.7174433,48.03347399509851,TP. Hồ Chí Minh,190,60,"7 min
3.2 km",3.2,7 min,part/output_part_190/ket_qua_tu_0_den_99.xlsx,original_output,ok,64032000__90836000,64032000__90836000,"11.13264,106.60704__10.71744,106.72845","10.71744,106.72845__11.13264,106.60704",directed_pair_key_by_code,58.9,3.2,,7 min,,0.0666,-55.7,55.7,0.9457,SUSPECT_CHANGED,HIGH
17265,17267,16030000,PGD Dương Kinh,106.6977222,20.8173333,34634000,PGD Thành Đông,106.3032013,20.9271165,42.76911916457698,TP. Hải Phòng,173,65,"16 min
6.8 km",6.8,16 min,part/output_part_173/ket_qua_tu_0_den_99.xlsx,original_output,ok,16030000__34634000,16030000__34634000,"20.81733,106.69772__20.92712,106.30320","20.81733,106.69772__20.92712,106.30320",directed_pair_key_by_code,62.5,6.8,,16 min,,0.159,-55.7,55.7,0.8912,SUSPECT_CHANGED,HIGH
19713,19715,88030000,PGD Nguyễn An Ninh,107.0898627,10.3656844,88041000,PGD Xuyên Mộc,107.4095097,10.5384199,39.88309732396353,TP. Hồ Chí Minh,198,13,"1 hr 44 min
103 km",103.0,1 hr 44 min,part/output_part_198/ket_qua_tu_0_den_99.xlsx,original_output,ok,88030000__88041000,88030000__88041000,"10.36568,107.08986__10.53842,107.40951","10.36568,107.08986__10.53842,107.40951",directed_pair_key_by_code,47.4,103.0,,1 hr 44 min,,2.5825,55.6,55.6,1.173,SUSPECT_CHANGED,HIGH
20711,20713,88040000,PGD Tân Thành,107.05434,10.6022139,94730000,PGD Hiệp Phú,106.7819475,10.8443244,40.12991626095837,TP. Hồ Chí Minh,208,11,"2 hr 1 min
103 km",103.0,2 hr 1 min,part/output_part_208/ket_qua_tu_0_den_99.xlsx,original_output,ok,88040000__94730000,88040000__94730000,"10.60221,107.05434__10.84432,106.78195","10.60221,107.05434__10.84432,106.78195",directed_pair_key_by_code,47.4,103.0,,2 hr 1 min,,2.5667,55.6,55.6,1.173,SUSPECT_CHANGED,HIGH
20708,20710,88040000,PGD Tân Thành,107.05434,10.6022139,94632000,PGD Lê Văn Việt,106.7866377,10.8453187,39.82632479684127,TP. Hồ Chí Minh,208,8,"2 hr 5 min
104 km",104.0,2 hr 5 min,part/output_part_208/ket_qua_tu_0_den_99.xlsx,original_output,ok,88040000__94632000,88040000__94632000,"10.60221,107.05434__10.84532,106.78664","10.60221,107.05434__10.84532,106.78664",directed_pair_key_by_code,48.4,104.0,,2 hr 5 min,,2.6113,55.6,55.6,1.1488,SUSPECT_CHANGED,HIGH
19663,19665,88000000,CN Bà Rịa - Vũng Tàu,107.0753056,10.3481944,92835000,PGD Cây Trâm,106.6478401,10.8439536,72.26175453995747,TP. Hồ Chí Minh,197,63,"1 hr 11 min
49.4 km",49.4,1 hr 11 min,part/output_part_197/ket_qua_tu_0_den_99.xlsx,original_output,ok,88000000__92835000,88000000__92835000,"10.34819,107.07531__10.84395,106.64784","10.34819,107.07531__10.84395,106.64784",directed_pair_key_by_code,105.0,49.4,,1 hr 11 min,,0.6836,-55.6,55.6,0.5295,SUSPECT_CHANGED,HIGH
19583,19585,88000000,CN Bà Rịa - Vũng Tàu,107.0753056,10.3481944,88041000,PGD Xuyên Mộc,107.4095097,10.5384199,42.22606275795307,TP. Hồ Chí Minh,196,83,"1 hr 47 min
105 km",105.0,1 hr 47 min,part/output_part_196/ket_qua_tu_0_den_99.xlsx,original_output,ok,88000000__88041000,88000000__88041000,"10.34819,107.07531__10.53842,107.40951","10.34819,107.07531__10.53842,107.40951",directed_pair_key_by_code,49.5,105.0,,1 hr 47 min,,2.4866,55.5,55.5,1.1212,SUSPECT_CHANGED,HIGH
17693,17695,16431000,PGD Hai Bà Trưng,106.6769427,20.8523679,34033000,PGD Hải Tân,106.3309265,20.9216871,36.76399988621122,TP. Hải Phòng,177,93,"25 min
12.6 km",12.6,25 min,part/output_part_177/ket_qua_tu_0_den_99.xlsx,original_output,ok,16431000__34033000,16431000__34033000,"20.85237,106.67694__20.92169,106.33093","20.85237,106.67694__20.92169,106.33093",directed_pair_key_by_code,68.1,12.6,,25 min,,0.3427,-55.5,55.5,0.815,SUSPECT_CHANGED,HIGH
17696,17698,16431000,PGD Hai Bà Trưng,106.6769427,20.8523679,34036000,PGD Thanh Miện,106.2458398,20.7856639,45.4163802758812,TP. Hải Phòng,177,96,"27 min
14.7 km",14.7,27 min,part/output_part_177/ket_qua_tu_0_den_99.xlsx,original_output,ok,16431000__34036000,16431000__34036000,"20.85237,106.67694__20.78566,106.24584","20.78566,106.24584__20.85237,106.67694",directed_pair_key_by_code,70.2,14.7,,27 min,,0.3237,-55.5,55.5,0.7906,SUSPECT_CHANGED,HIGH
18181,18183,16834000,PGD Thanh Niên,106.7206766,20.8294995,34431000,PGD Thanh Hà,106.4303172,20.896746,31.08245695854517,TP. Hải Phòng,182,81,"1 min
300 m",0.3,1 min,part/output_part_182/ket_qua_tu_0_den_99.xlsx,original_output,ok,16834000__34431000,16834000__34431000,"20.82950,106.72068__20.89675,106.43032","20.82950,106.72068__20.89675,106.43032",directed_pair_key_by_code,55.7,0.3,,1 min,,0.0097,-55.4,55.4,0.9946,SUSPECT_CHANGED,HIGH
18226,18228,16930000,PGD Tôn Đức Thắng,106.6661913,20.8617835,34400000,CN Đông Hải Dương,106.5466222,20.9940344,19.24766665460147,TP. Hải Phòng,183,26,"1 hr 9 min
82.9 km",82.9,1 hr 9 min,part/output_part_183/ket_qua_tu_0_den_99.xlsx,original_output,ok,16930000__34400000,16930000__34400000,"20.86178,106.66619__20.99403,106.54662","20.86178,106.66619__20.99403,106.54662",directed_pair_key_by_code,27.6,82.9,,1 hr 9 min,,4.307,55.3,55.3,2.0036,SUSPECT_CHANGED,HIGH
18414,18416,34038000,PGD Ninh Giang,106.3916714,20.7346741,34430000,PGD Minh Tân,106.5811991,21.0394735,39.19644198989646,TP. Hải Phòng,185,14,"6 min
2.0 km",2.0,6 min,part/output_part_185/ket_qua_tu_0_den_99.xlsx,original_output,ok,34038000__34430000,34038000__34430000,"20.73467,106.39167__21.03947,106.58120","20.73467,106.39167__21.03947,106.58120",directed_pair_key_by_code,57.3,2.0,,6 min,,0.051,-55.3,55.3,0.9651,SUSPECT_CHANGED,HIGH
19119,19121,64033000,PGD Dĩ An,106.7573326,10.9062265,92400000,CN 7 Thành phố Hồ Chí Minh,106.6991015,10.801716,13.24718792441953,TP. Hồ Chí Minh,192,19,"1 hr 43 min
70.5 km",70.5,1 hr 43 min,part/output_part_192/ket_qua_tu_0_den_99.xlsx,original_output,ok,64033000__92400000,64033000__92400000,"10.90623,106.75733__10.80172,106.69910","10.80172,106.69910__10.90623,106.75733",directed_pair_key_by_code,15.3,70.5,,1 hr 43 min,,5.3219,55.2,55.2,3.6078,SUSPECT_CHANGED,HIGH
17627,17629,16231000,PGD Tràng Duệ,106.5730673,20.8573589,34632000,PGD Kim Thành,106.5071794,20.9625126,13.54826191221775,TP. Hải Phòng,177,27,"1 hr 11 min
74.0 km",74.0,1 hr 11 min,part/output_part_177/ket_qua_tu_0_den_99.xlsx,original_output,ok,16231000__34632000,16231000__34632000,"20.85736,106.57307__20.96251,106.50718","20.85736,106.57307__20.96251,106.50718",directed_pair_key_by_code,18.9,74.0,,1 hr 11 min,,5.462,55.1,55.1,2.9153,SUSPECT_CHANGED,HIGH
19220,19222,64034000,PGD Phú Giáo,106.7955924,11.29029,90630000,PGD Ba Tháng Hai,106.6689899,10.7688156,59.60896089460563,TP. Hồ Chí Minh,193,20,"28 min
16.5 km",16.5,28 min,part/output_part_193/ket_qua_tu_0_den_99.xlsx,original_output,ok,64034000__90630000,64034000__90630000,"11.29029,106.79559__10.76882,106.66899","10.76882,106.66899__11.29029,106.79559",directed_pair_key_by_code,71.6,16.5,,28 min,,0.2768,-55.1,55.1,0.7696,SUSPECT_CHANGED,HIGH
20370,20372,88038000,PGD Long Điền,107.2164178,10.4169245,90300000,CN Thủ Thiêm,106.7293726,10.7875464,67.32056373668213,TP. Hồ Chí Minh,204,70,"36 min
25.3 km",25.3,36 min,part/output_part_204/ket_qua_tu_0_den_99.xlsx,original_output,ok,88038000__90300000,88038000__90300000,"10.41692,107.21642__10.78755,106.72937","10.41692,107.21642__10.78755,106.72937",directed_pair_key_by_code,80.4,25.3,,36 min,,0.3758,-55.1,55.1,0.6853,SUSPECT_CHANGED,HIGH
19234,19236,64034000,PGD Phú Giáo,106.7955924,11.29029,91033000,PGD Nguyễn Văn Cừ,106.6925748,10.7609209,59.92744573007732,TP. Hồ Chí Minh,193,34,"30 min
17.2 km",17.2,30 min,part/output_part_193/ket_qua_tu_0_den_99.xlsx,original_output,ok,64034000__91033000,64034000__91033000,"11.29029,106.79559__10.76092,106.69257","10.76092,106.69257__11.29029,106.79559",directed_pair_key_by_code,72.2,17.2,,30 min,,0.287,-55.0,55.0,0.7618,SUSPECT_CHANGED,HIGH
19053,19055,64033000,PGD Dĩ An,106.7573326,10.9062265,88041000,PGD Xuyên Mộc,107.4095097,10.5384199,82.15595186957714,TP. Hồ Chí Minh,191,53,"1 hr 14 min
46.0 km",46.0,1 hr 14 min,part/output_part_191/ket_qua_tu_0_den_99.xlsx,original_output,ok,64033000__88041000,64033000__88041000,"10.90623,106.75733__10.53842,107.40951","10.53842,107.40951__10.90623,106.75733",directed_pair_key_by_code,101.0,46.0,,1 hr 14 min,,0.5599,-55.0,55.0,0.5446,SUSPECT_CHANGED,HIGH
19046,19048,64033000,PGD Dĩ An,106.7573326,10.9062265,88031000,PGD Tam Thắng,107.0854444,10.3494722,71.54346440344908,TP. Hồ Chí Minh,191,46,"1 hr 13 min
45.1 km",45.1,1 hr 13 min,part/output_part_191/ket_qua_tu_0_den_99.xlsx,original_output,ok,64033000__88031000,64033000__88031000,"10.90623,106.75733__10.34947,107.08544","10.34947,107.08544__10.90623,106.75733",directed_pair_key_by_code,100.0,45.1,,1 hr 13 min,,0.6304,-54.9,54.9,0.549,SUSPECT_CHANGED,HIGH
19634,19636,88000000,CN Bà Rịa - Vũng Tàu,107.0753056,10.3481944,91242000,PGD Hiệp Phước,106.7378846,10.6469072,49.64118705614344,TP. Hồ Chí Minh,197,34,"1 hr 16 min
53.1 km",53.1,1 hr 16 min,part/output_part_197/ket_qua_tu_0_den_99.xlsx,original_output,ok,88000000__91242000,88000000__91242000,"10.34819,107.07531__10.64691,106.73788","10.34819,107.07531__10.64691,106.73788",directed_pair_key_by_code,108.0,53.1,,1 hr 16 min,,1.0697,-54.9,54.9,0.5083,SUSPECT_CHANGED,HIGH
18062,18064,16800000,CN Ngô Quyền,106.6925006,20.8607247,16931000,PGD An Lão,106.5552693,20.8213993,14.91637946730644,TP. Hải Phòng,181,62,"1 hr 6 min
73.0 km",73.0,1 hr 6 min,part/output_part_181/ket_qua_tu_0_den_99.xlsx,original_output,ok,16800000__16931000,16800000__16931000,"20.86072,106.69250__20.82140,106.55527","20.82140,106.55527__20.86072,106.69250",directed_pair_key_by_code,18.2,73.0,,1 hr 6 min,,4.8939,54.8,54.8,3.011,SUSPECT_CHANGED,HIGH
17250,17252,16030000,PGD Dương Kinh,106.6977222,20.8173333,34035000,PGD Cẩm Giàng,106.2497133,20.9356847,48.37058108082548,TP. Hải Phòng,173,50,"28 min
12.2 km",12.2,28 min,part/output_part_173/ket_qua_tu_0_den_99.xlsx,original_output,ok,16030000__34035000,16030000__34035000,"20.81733,106.69772__20.93568,106.24971","20.81733,106.69772__20.93568,106.24971",directed_pair_key_by_code,67.0,12.2,,28 min,,0.2522,-54.8,54.8,0.8179,SUSPECT_CHANGED,HIGH
17941,17943,16630000,PGD Phong Lan,106.6902538,20.8654375,16932000,PGD Tiên Lãng,106.554502,20.705491,22.70413577842303,TP. Hải Phòng,180,41,"1 hr 5 min
79.9 km",79.9,1 hr 5 min,part/output_part_180/ket_qua_tu_0_den_99.xlsx,original_output,ok,16630000__16932000,16630000__16932000,"20.86544,106.69025__20.70549,106.55450","20.70549,106.55450__20.86544,106.69025",directed_pair_key_by_code,25.2,79.9,,1 hr 5 min,,3.5192,54.7,54.7,2.1706,SUSPECT_CHANGED,HIGH
19672,19674,88000000,CN Bà Rịa - Vũng Tàu,107.0753056,10.3481944,93231000,PGD Lê Quang Sung,106.6496587,10.7513092,64.60833211002617,TP. Hồ Chí Minh,197,72,"1 hr 8 min
47.3 km",47.3,1 hr 8 min,part/output_part_197/ket_qua_tu_0_den_99.xlsx,original_output,ok,88000000__93231000,88000000__93231000,"10.34819,107.07531__10.75131,106.64966","10.34819,107.07531__10.75131,106.64966",directed_pair_key_by_code,102.0,47.3,,1 hr 8 min,,0.7321,-54.7,54.7,0.5363,SUSPECT_CHANGED,HIGH
17916,17918,16600000,CN Hồng Bàng,106.6801217,20.8600773,34037000,PGD Bình Giang,106.1505193,20.9069647,55.26701545021369,TP. Hải Phòng,180,16,"45 min
31.1 km",31.1,45 min,part/output_part_180/ket_qua_tu_0_den_99.xlsx,original_output,ok,16600000__34037000,16600000__34037000,"20.86008,106.68012__20.90696,106.15052","20.86008,106.68012__20.90696,106.15052",directed_pair_key_by_code,85.7,31.1,,45 min,,0.5627,-54.6,54.6,0.6371,SUSPECT_CHANGED,HIGH
19122,19124,64033000,PGD Dĩ An,106.7573326,10.9062265,92432000,PGD Cầu Sơn,106.7092691,10.8138851,11.53164728283117,TP. Hồ Chí Minh,192,22,"1 hr 37 min
67.3 km",67.3,1 hr 37 min,part/output_part_192/ket_qua_tu_0_den_99.xlsx,original_output,ok,64033000__92432000,64033000__92432000,"10.90623,106.75733__10.81389,106.70927","10.81389,106.70927__10.90623,106.75733",directed_pair_key_by_code,12.8,67.3,,1 hr 37 min,,5.8361,54.5,54.5,4.2578,SUSPECT_CHANGED,HIGH
18878,18880,64031000,PGD Tân Phước Khánh,106.7169545,11.003797,94200000,CN 11 Thành phố Hồ Chí Minh,106.6474356,10.7568213,28.49235285765904,TP. Hồ Chí Minh,189,78,"1 hr 54 min
90.0 km",90.0,1 hr 54 min,part/output_part_189/ket_qua_tu_0_den_99.xlsx,original_output,ok,64031000__94200000,64031000__94200000,"11.00380,106.71695__10.75682,106.64744","10.75682,106.64744__11.00380,106.71695",directed_pair_key_by_code,35.5,90.0,,1 hr 54 min,,3.1587,54.5,54.5,1.5352,SUSPECT_CHANGED,HIGH
18040,18042,16635000,PGD Đình Vũ,106.8087885,20.8144857,34035000,PGD Cẩm Giàng,106.2497133,20.9356847,59.62864019821735,TP. Hải Phòng,181,40,"34 min
18.5 km",18.5,34 min,part/output_part_181/ket_qua_tu_0_den_99.xlsx,original_output,ok,16635000__34035000,16635000__34035000,"20.81449,106.80879__20.93568,106.24971","20.81449,106.80879__20.93568,106.24971",directed_pair_key_by_code,73.0,18.5,,34 min,,0.3103,-54.5,54.5,0.7466,SUSPECT_CHANGED,HIGH
19246,19248,64034000,PGD Phú Giáo,106.7955924,11.29029,92230000,PGD Tháp Mười,106.6510538,10.7501355,62.09971420210853,TP. Hồ Chí Minh,193,46,"37 min
20.6 km",20.6,37 min,part/output_part_193/ket_qua_tu_0_den_99.xlsx,original_output,ok,64034000__92230000,64034000__92230000,"11.29029,106.79559__10.75014,106.65105","10.75014,106.65105__11.29029,106.79559",directed_pair_key_by_code,75.1,20.6,,37 min,,0.3317,-54.5,54.5,0.7257,SUSPECT_CHANGED,HIGH
19069,19071,64033000,PGD Dĩ An,106.7573326,10.9062265,90137000,PGD Long Bình,106.8237366,10.8413876,10.22550516554635,TP. Hồ Chí Minh,191,69,"1 hr 42 min
67.6 km",67.6,1 hr 42 min,part/output_part_191/ket_qua_tu_0_den_99.xlsx,original_output,ok,64033000__90137000,64033000__90137000,"10.90623,106.75733__10.84139,106.82374","10.84139,106.82374__10.90623,106.75733",directed_pair_key_by_code,13.3,67.6,,1 hr 42 min,,6.6109,54.3,54.3,4.0827,SUSPECT_CHANGED,HIGH
17515,17517,16200000,CN Đông Hải Phòng,106.7046494,20.8506619,16800000,CN Ngô Quyền,106.6925006,20.8607247,1.686893022119226,TP. Hải Phòng,176,15,"55 min
56.6 km",56.6,55 min,part/output_part_176/ket_qua_tu_0_den_99.xlsx,original_output,ok,16200000__16800000,16200000__16800000,"20.85066,106.70465__20.86072,106.69250","20.85066,106.70465__20.86072,106.69250",directed_pair_key_by_code,2.4,56.6,,55 min,,33.5528,54.2,54.2,22.5833,SUSPECT_CHANGED,HIGH
18190,18192,16834000,PGD Thanh Niên,106.7206766,20.8294995,34634000,PGD Thành Đông,106.3032013,20.9271165,44.71073715947229,TP. Hải Phòng,182,90,"22 min
16.1 km",16.1,22 min,part/output_part_182/ket_qua_tu_0_den_99.xlsx,original_output,ok,16834000__34634000,16834000__34634000,"20.82950,106.72068__20.92712,106.30320","20.82950,106.72068__20.92712,106.30320",directed_pair_key_by_code,70.3,16.1,,22 min,,0.3601,-54.2,54.2,0.771,SUSPECT_CHANGED,HIGH
18779,18781,64031000,PGD Tân Phước Khánh,106.7169545,11.003797,88038000,PGD Long Điền,107.2164178,10.4169245,85.06710965628885,TP. Hồ Chí Minh,188,79,"1 hr 7 min
43.3 km",43.3,1 hr 7 min,part/output_part_188/ket_qua_tu_0_den_99.xlsx,original_output,ok,64031000__88038000,64031000__88038000,"11.00380,106.71695__10.41692,107.21642","10.41692,107.21642__11.00380,106.71695",directed_pair_key_by_code,97.5,43.3,,1 hr 7 min,,0.509,-54.2,54.2,0.5559,SUSPECT_CHANGED,HIGH
19970,19972,88032000,PGD Thắng Nhất,107.1119125,10.3980829,88041000,PGD Xuyên Mộc,107.4095097,10.5384199,36.08873635798747,TP. Hồ Chí Minh,200,70,"1 hr 41 min
97.9 km",97.9,1 hr 41 min,part/output_part_200/ket_qua_tu_0_den_99.xlsx,original_output,ok,88032000__88041000,88032000__88041000,"10.39808,107.11191__10.53842,107.40951","10.39808,107.11191__10.53842,107.40951",directed_pair_key_by_code,43.8,97.9,,1 hr 41 min,,2.7128,54.1,54.1,1.2352,SUSPECT_CHANGED,HIGH
17774,17776,16433000,PGD KCN VSIP,106.683083,20.904877,34037000,PGD Bình Giang,106.1505193,20.9069647,55.32043176887841,TP. Hải Phòng,178,74,"51 min
36.8 km",36.8,51 min,part/output_part_178/ket_qua_tu_0_den_99.xlsx,original_output,ok,16433000__34037000,16433000__34037000,"20.90488,106.68308__20.90696,106.15052","20.90488,106.68308__20.90696,106.15052",directed_pair_key_by_code,90.9,36.8,,51 min,,0.6652,-54.1,54.1,0.5952,SUSPECT_CHANGED,HIGH
19133,19135,64033000,PGD Dĩ An,106.7573326,10.9062265,92835000,PGD Cây Trâm,106.6478401,10.8439536,13.81675547079318,TP. Hồ Chí Minh,192,33,"1 hr 44 min
71.1 km",71.1,1 hr 44 min,part/output_part_192/ket_qua_tu_0_den_99.xlsx,original_output,ok,64033000__92835000,64033000__92835000,"10.90623,106.75733__10.84395,106.64784","10.84395,106.64784__10.90623,106.75733",directed_pair_key_by_code,17.1,71.1,,1 hr 44 min,,5.1459,54.0,54.0,3.1579,SUSPECT_CHANGED,HIGH
19813,19815,88030000,PGD Nguyễn An Ninh,107.0898627,10.3656844,94234000,PGD Lãnh Binh Thăng,106.6486194,10.7644474,65.51659418434711,TP. Hồ Chí Minh,199,13,"57 min
48.0 km",48.0,57 min,part/output_part_199/ket_qua_tu_0_den_99.xlsx,original_output,ok,88030000__94234000,88030000__94234000,"10.36568,107.08986__10.76445,106.64862","10.36568,107.08986__10.76445,106.64862",directed_pair_key_by_code,102.0,48.0,,57 min,,0.7326,-54.0,54.0,0.5294,SUSPECT_CHANGED,HIGH
19562,19564,64036000,PGD Bàu Bàng,106.6362417,11.2429544,94600000,CN Đông Sài Gòn,106.771314,10.8465447,46.47841318662015,TP. Hồ Chí Minh,196,62,"1 hr 48 min
107 km",107.0,1 hr 48 min,part/output_part_196/ket_qua_tu_0_den_99.xlsx,original_output,ok,64036000__94600000,64036000__94600000,"11.24295,106.63624__10.84654,106.77131","10.84654,106.77131__11.24295,106.63624",directed_pair_key_by_code,53.1,107.0,,1 hr 48 min,,2.3021,53.9,53.9,1.0151,SUSPECT_CHANGED,HIGH
18967,18969,64032000,PGD Mỹ Phước,106.6070371,11.1326431,91200000,CN Sài Gòn,106.7072001,10.7281824,46.28445251922976,TP. Hồ Chí Minh,190,67,"8 min
4.8 km",4.8,8 min,part/output_part_190/ket_qua_tu_0_den_99.xlsx,original_output,ok,64032000__91200000,64032000__91200000,"11.13264,106.60704__10.72818,106.70720","10.72818,106.70720__11.13264,106.60704",directed_pair_key_by_code,58.7,4.8,,8 min,,0.1037,-53.9,53.9,0.9182,SUSPECT_CHANGED,HIGH
15838,15840,14534000,PGD Sông Cầu,105.8677237,21.3129019,32834000,PGD Xuân Mai,105.5765428,20.8985516,55.09244348174916,TP. Hà Nội,159,38,"42 min
15.4 km",15.4,42 min,part/output_part_159/ket_qua_tu_0_den_99.xlsx,original_output,ok,14534000__32834000,14534000__32834000,"21.31290,105.86772__20.89855,105.57654","20.89855,105.57654__21.31290,105.86772",directed_pair_key_by_code,69.3,15.4,,42 min,,0.2795,-53.9,53.9,0.7778,SUSPECT_CHANGED,HIGH
19248,19250,64034000,PGD Phú Giáo,106.7955924,11.29029,92233000,PGD Bình Thới,106.6552691,10.7644821,60.43981965047588,TP. Hồ Chí Minh,193,48,"36 min
20.1 km",20.1,36 min,part/output_part_193/ket_qua_tu_0_den_99.xlsx,original_output,ok,64034000__92233000,64034000__92233000,"11.29029,106.79559__10.76448,106.65527","10.76448,106.65527__11.29029,106.79559",directed_pair_key_by_code,74.0,20.1,,36 min,,0.3326,-53.9,53.9,0.7284,SUSPECT_CHANGED,HIGH
17556,17558,16230000,PGD Đồ Sơn,106.7828225,20.7164627,16632000,PGD An Dương,106.6140362,20.8638067,24.0062521653594,TP. Hải Phòng,176,56,"1 hr 18 min
81.1 km",81.1,1 hr 18 min,part/output_part_176/ket_qua_tu_0_den_99.xlsx,original_output,ok,16230000__16632000,16230000__16632000,"20.71646,106.78282__20.86381,106.61404","20.71646,106.78282__20.86381,106.61404",directed_pair_key_by_code,27.3,81.1,,1 hr 18 min,,3.3783,53.8,53.8,1.9707,SUSPECT_CHANGED,HIGH
19531,19533,64036000,PGD Bàu Bàng,106.6362417,11.2429544,92831000,PGD Hiệp Thành,106.6434221,10.8767708,40.72535403613916,TP. Hồ Chí Minh,196,31,"1 hr 38 min
97.5 km",97.5,1 hr 38 min,part/output_part_196/ket_qua_tu_0_den_99.xlsx,original_output,ok,64036000__92831000,64036000__92831000,"11.24295,106.63624__10.87677,106.64342","10.87677,106.64342__11.24295,106.63624",directed_pair_key_by_code,43.7,97.5,,1 hr 38 min,,2.3941,53.8,53.8,1.2311,SUSPECT_CHANGED,HIGH
19544,19546,64036000,PGD Bàu Bàng,106.6362417,11.2429544,94030000,PGD Lý Thường Kiệt,106.6576503,10.7716481,52.45901118348385,TP. Hồ Chí Minh,196,44,"1 hr 59 min
113 km",113.0,1 hr 59 min,part/output_part_196/ket_qua_tu_0_den_99.xlsx,original_output,ok,64036000__94030000,64036000__94030000,"11.24295,106.63624__10.77165,106.65765","10.77165,106.65765__11.24295,106.63624",directed_pair_key_by_code,59.2,113.0,,1 hr 59 min,,2.1541,53.8,53.8,0.9088,SUSPECT_CHANGED,HIGH
19247,19249,64034000,PGD Phú Giáo,106.7955924,11.29029,92231000,PGD Chợ Lớn,106.6529332,10.7505148,62.00709383103408,TP. Hồ Chí Minh,193,47,"38 min
21.1 km",21.1,38 min,part/output_part_193/ket_qua_tu_0_den_99.xlsx,original_output,ok,64034000__92231000,64034000__92231000,"11.29029,106.79559__10.75051,106.65293","10.75051,106.65293__11.29029,106.79559",directed_pair_key_by_code,74.9,21.1,,38 min,,0.3403,-53.8,53.8,0.7183,SUSPECT_CHANGED,HIGH
19683,19685,88000000,CN Bà Rịa - Vũng Tàu,107.0753056,10.3481944,94234000,PGD Lãnh Binh Thăng,106.6486194,10.7644474,65.71020385644613,TP. Hồ Chí Minh,197,83,"1 hr
50.2 km",50.2,1 hr,part/output_part_197/ket_qua_tu_0_den_99.xlsx,original_output,ok,88000000__94234000,88000000__94234000,"10.34819,107.07531__10.76445,106.64862","10.34819,107.07531__10.76445,106.64862",directed_pair_key_by_code,104.0,50.2,,1 hr,,0.764,-53.8,53.8,0.5173,SUSPECT_CHANGED,HIGH
20807,20809,88041000,PGD Xuyên Mộc,107.4095097,10.5384199,93232000,PGD Bình Tân,106.6152019,10.7756765,90.720278144551,TP. Hồ Chí Minh,209,7,"56 min
51.2 km",51.2,56 min,part/output_part_209/ket_qua_tu_0_den_99.xlsx,original_output,ok,88041000__93232000,88041000__93232000,"10.53842,107.40951__10.77568,106.61520","10.53842,107.40951__10.77568,106.61520",directed_pair_key_by_code,105.0,51.2,,56 min,,0.5644,-53.8,53.8,0.5124,SUSPECT_CHANGED,HIGH
19574,19576,64036000,PGD Bàu Bàng,106.6362417,11.2429544,94835000,PGD Quang Trung,106.6408893,10.8439372,44.37164871512446,TP. Hồ Chí Minh,196,74,"1 hr 46 min
103 km",103.0,1 hr 46 min,part/output_part_196/ket_qua_tu_0_den_99.xlsx,original_output,ok,64036000__94835000,64036000__94835000,"11.24295,106.63624__10.84394,106.64089","10.84394,106.64089__11.24295,106.63624",directed_pair_key_by_code,49.4,103.0,,1 hr 46 min,,2.3213,53.6,53.6,1.085,SUSPECT_CHANGED,HIGH
19670,19672,88000000,CN Bà Rịa - Vũng Tàu,107.0753056,10.3481944,93200000,CN Chợ Lớn,106.6318675,10.769204,67.38851070253016,TP. Hồ Chí Minh,197,70,"1 hr 16 min
52.4 km",52.4,1 hr 16 min,part/output_part_197/ket_qua_tu_0_den_99.xlsx,original_output,ok,88000000__93200000,88000000__93200000,"10.34819,107.07531__10.76920,106.63187","10.34819,107.07531__10.76920,106.63187",directed_pair_key_by_code,106.0,52.4,,1 hr 16 min,,0.7776,-53.6,53.6,0.5057,SUSPECT_CHANGED,HIGH
17150,17152,32634000,PGD Từ Liêm,105.7974311,21.035894,32800000,CN Tây Thăng Long,105.7328363,21.0059239,7.487164523301848,TP. Hà Nội,172,50,"58 min
64.8 km",64.8,58 min,part/output_part_172/ket_qua_tu_0_den_99.xlsx,original_output,ok,32634000__32800000,32634000__32800000,"21.03589,105.79743__21.00592,105.73284","21.00592,105.73284__21.03589,105.79743",directed_pair_key_by_code,11.3,64.8,,58 min,,8.6548,53.5,53.5,4.7345,SUSPECT_CHANGED,HIGH
19389,19391,64035000,PGD Tân Đông Hiệp,106.7422824,10.9280524,92432000,PGD Cầu Sơn,106.7092691,10.8138851,13.19679212045469,TP. Hồ Chí Minh,194,89,"1 hr 39 min
68.0 km",68.0,1 hr 39 min,part/output_part_194/ket_qua_tu_0_den_99.xlsx,original_output,ok,64035000__92432000,64035000__92432000,"10.92805,106.74228__10.81389,106.70927","10.81389,106.70927__10.92805,106.74228",directed_pair_key_by_code,14.5,68.0,,1 hr 39 min,,5.1528,53.5,53.5,3.6897,SUSPECT_CHANGED,HIGH
19841,19843,88031000,PGD Tam Thắng,107.0854444,10.3494722,88040000,PGD Tân Thành,107.05434,10.6022139,28.30867436647252,TP. Hồ Chí Minh,199,41,"1 hr 32 min
97.5 km",97.5,1 hr 32 min,part/output_part_199/ket_qua_tu_0_den_99.xlsx,original_output,ok,88031000__88040000,88031000__88040000,"10.34947,107.08544__10.60221,107.05434","10.34947,107.08544__10.60221,107.05434",directed_pair_key_by_code,44.0,97.5,,1 hr 32 min,,3.4442,53.5,53.5,1.2159,SUSPECT_CHANGED,HIGH
18962,18964,64032000,PGD Mỹ Phước,106.6070371,11.1326431,91030000,PGD Phú Mỹ Hưng,106.7055348,10.7291804,46.13390608369009,TP. Hồ Chí Minh,190,62,"8 min
5.2 km",5.2,8 min,part/output_part_190/ket_qua_tu_0_den_99.xlsx,original_output,ok,64032000__91030000,64032000__91030000,"11.13264,106.60704__10.72918,106.70553","10.72918,106.70553__11.13264,106.60704",directed_pair_key_by_code,58.7,5.2,,8 min,,0.1127,-53.5,53.5,0.9114,SUSPECT_CHANGED,HIGH
20371,20373,88038000,PGD Long Điền,107.2164178,10.4169245,90330000,PGD An Phú,106.7385273,10.7978598,67.2478859916157,TP. Hồ Chí Minh,204,71,"31 min
26.4 km",26.4,31 min,part/output_part_204/ket_qua_tu_0_den_99.xlsx,original_output,ok,88038000__90330000,88038000__90330000,"10.41692,107.21642__10.79786,106.73853","10.41692,107.21642__10.79786,106.73853",directed_pair_key_by_code,79.9,26.4,,31 min,,0.3926,-53.5,53.5,0.6696,SUSPECT_CHANGED,HIGH
17163,17165,32831000,PGD Bình Phú,105.6134442,21.0168412,32834000,PGD Xuân Mai,105.5765428,20.8985516,13.69999779501528,TP. Hà Nội,172,63,"1 hr 9 min
72.3 km",72.3,1 hr 9 min,part/output_part_172/ket_qua_tu_0_den_99.xlsx,original_output,ok,32831000__32834000,32831000__32834000,"21.01684,105.61344__20.89855,105.57654","20.89855,105.57654__21.01684,105.61344",directed_pair_key_by_code,18.9,72.3,,1 hr 9 min,,5.2774,53.4,53.4,2.8254,SUSPECT_CHANGED,HIGH
20471,20473,88039000,PGD Châu Đức,107.2451534,10.6454008,88040000,PGD Tân Thành,107.05434,10.6022139,21.39959222806325,TP. Hồ Chí Minh,205,71,"1 hr 13 min
78.3 km",78.3,1 hr 13 min,part/output_part_205/ket_qua_tu_0_den_99.xlsx,original_output,ok,88039000__88040000,88039000__88040000,"10.64540,107.24515__10.60221,107.05434","10.60221,107.05434__10.64540,107.24515",directed_pair_key_by_code,24.9,78.3,,1 hr 13 min,,3.6589,53.4,53.4,2.1446,SUSPECT_CHANGED,HIGH
20070,20072,88032000,PGD Thắng Nhất,107.1119125,10.3980829,94234000,PGD Lãnh Binh Thăng,106.6486194,10.7644474,64.99206972077855,TP. Hồ Chí Minh,201,70,"53 min
42.7 km",42.7,53 min,part/output_part_201/ket_qua_tu_0_den_99.xlsx,original_output,ok,88032000__94234000,88032000__94234000,"10.39808,107.11191__10.76445,106.64862","10.39808,107.11191__10.76445,106.64862",directed_pair_key_by_code,96.1,42.7,,53 min,,0.657,-53.4,53.4,0.5557,SUSPECT_CHANGED,HIGH
19146,19148,64033000,PGD Dĩ An,106.7573326,10.9062265,94031000,PGD Ngô Gia Tự,106.6748391,10.7670545,17.9067147023446,TP. Hồ Chí Minh,192,46,"1 hr 51 min
73.8 km",73.8,1 hr 51 min,part/output_part_192/ket_qua_tu_0_den_99.xlsx,original_output,ok,64033000__94031000,64033000__94031000,"10.90623,106.75733__10.76705,106.67484","10.76705,106.67484__10.90623,106.75733",directed_pair_key_by_code,20.5,73.8,,1 hr 51 min,,4.1214,53.3,53.3,2.6,SUSPECT_CHANGED,HIGH
29789,29791,78031000,PGD Tây Châu Thành,106.2435524,10.2711836,80000000,CN Vĩnh Long,105.973473,10.2551068,29.60501307331464,Vĩnh Long,298,89,"1 時間 39 分
88.9 km",88.9,1 時間 39 分,part/output_part_298/ket_qua_tu_0_den_99.xlsx,original_output,ok,78031000__80000000,78031000__80000000,"10.27118,106.24355__10.25511,105.97347","10.25511,105.97347__10.27118,106.24355",directed_pair_key_by_code,35.6,88.9,,1 時間 39 分,,3.0029,53.3,53.3,1.4972,SUSPECT_CHANGED,HIGH
19136,19138,64033000,PGD Dĩ An,106.7573326,10.9062265,93000000,CN Gia Định,106.6740565,10.7966078,15.20788283281721,TP. Hồ Chí Minh,192,36,"1 hr 46 min
72.0 km",72.0,1 hr 46 min,part/output_part_192/ket_qua_tu_0_den_99.xlsx,original_output,ok,64033000__93000000,64033000__93000000,"10.90623,106.75733__10.79661,106.67406","10.79661,106.67406__10.90623,106.75733",directed_pair_key_by_code,18.8,72.0,,1 hr 46 min,,4.7344,53.2,53.2,2.8298,SUSPECT_CHANGED,HIGH
20704,20706,88040000,PGD Tân Thành,107.05434,10.6022139,94534000,PGD Lê Văn Sỹ,106.664652,10.796715,47.75604596425378,TP. Hồ Chí Minh,208,4,"2 hr 18 min
112 km",112.0,2 hr 18 min,part/output_part_208/ket_qua_tu_0_den_99.xlsx,original_output,ok,88040000__94534000,88040000__94534000,"10.60221,107.05434__10.79672,106.66465","10.60221,107.05434__10.79672,106.66465",directed_pair_key_by_code,58.8,112.0,,2 hr 18 min,,2.3453,53.2,53.2,0.9048,SUSPECT_CHANGED,HIGH
19061,19063,64033000,PGD Dĩ An,106.7573326,10.9062265,90100000,CN Đông Thành phố Hồ Chí Minh,106.7458566,10.8818676,2.984403257148255,TP. Hồ Chí Minh,191,61,"1 hr 24 min
56.2 km",56.2,1 hr 24 min,part/output_part_191/ket_qua_tu_0_den_99.xlsx,original_output,ok,64033000__90100000,64033000__90100000,"10.90623,106.75733__10.88187,106.74586","10.88187,106.74586__10.90623,106.75733",directed_pair_key_by_code,3.2,56.2,,1 hr 24 min,,18.8312,53.0,53.0,16.5625,SUSPECT_CHANGED,HIGH
19147,19149,64033000,PGD Dĩ An,106.7573326,10.9062265,94032000,PGD Ngô Quyền,106.664916,10.7625387,18.89833385260274,TP. Hồ Chí Minh,192,47,"1 hr 49 min
74.0 km",74.0,1 hr 49 min,part/output_part_192/ket_qua_tu_0_den_99.xlsx,original_output,ok,64033000__94032000,64033000__94032000,"10.90623,106.75733__10.76254,106.66492","10.76254,106.66492__10.90623,106.75733",directed_pair_key_by_code,21.1,74.0,,1 hr 49 min,,3.9157,52.9,52.9,2.5071,SUSPECT_CHANGED,HIGH
19211,19213,64034000,PGD Phú Giáo,106.7955924,11.29029,90331000,PGD Bình Trưng Tây,106.7566664,10.788686,55.93745154723848,TP. Hồ Chí Minh,193,11,"42 min
22.4 km",22.4,42 min,part/output_part_193/ket_qua_tu_0_den_99.xlsx,original_output,ok,64034000__90331000,64034000__90331000,"11.29029,106.79559__10.78869,106.75667","10.78869,106.75667__11.29029,106.79559",directed_pair_key_by_code,75.3,22.4,,42 min,,0.4004,-52.9,52.9,0.7025,SUSPECT_CHANGED,HIGH
17733,17735,16432000,PGD Trần Hưng Đạo,106.6870194,20.8601165,34034000,PGD Tứ Kỳ,106.406648,20.8182694,29.50569215213231,TP. Hải Phòng,178,33,"11 min
4.4 km",4.4,11 min,part/output_part_178/ket_qua_tu_0_den_99.xlsx,original_output,ok,16432000__34034000,16432000__34034000,"20.86012,106.68702__20.81827,106.40665","20.81827,106.40665__20.86012,106.68702",directed_pair_key_by_code,57.2,4.4,,11 min,,0.1491,-52.8,52.8,0.9231,SUSPECT_CHANGED,HIGH
19129,19131,64033000,PGD Dĩ An,106.7573326,10.9062265,92636000,PGD LaKai,106.6683425,10.7614071,18.80877531649697,TP. Hồ Chí Minh,192,29,"1 hr 49 min
73.7 km",73.7,1 hr 49 min,part/output_part_192/ket_qua_tu_0_den_99.xlsx,original_output,ok,64033000__92636000,64033000__92636000,"10.90623,106.75733__10.76141,106.66834","10.76141,106.66834__10.90623,106.75733",directed_pair_key_by_code,21.0,73.7,,1 hr 49 min,,3.9184,52.7,52.7,2.5095,SUSPECT_CHANGED,HIGH
17458,17460,16132000,PGD Thắng Lợi,106.6384466,20.8601613,16231000,PGD Tràng Duệ,106.5730673,20.8573589,6.800540442585988,TP. Hải Phòng,175,58,"53 min
60.3 km",60.3,53 min,part/output_part_175/ket_qua_tu_0_den_99.xlsx,original_output,ok,16132000__16231000,16132000__16231000,"20.86016,106.63845__20.85736,106.57307","20.85736,106.57307__20.86016,106.63845",directed_pair_key_by_code,7.7,60.3,,53 min,,8.8669,52.6,52.6,6.8312,SUSPECT_CHANGED,HIGH
19120,19122,64033000,PGD Dĩ An,106.7573326,10.9062265,92430000,PGD Thạnh Mỹ Tây,106.7088421,10.7941214,13.54370788297746,TP. Hồ Chí Minh,192,20,"1 hr 42 min
69.1 km",69.1,1 hr 42 min,part/output_part_192/ket_qua_tu_0_den_99.xlsx,original_output,ok,64033000__92430000,64033000__92430000,"10.90623,106.75733__10.79412,106.70884","10.79412,106.70884__10.90623,106.75733",directed_pair_key_by_code,16.5,69.1,,1 hr 42 min,,5.102,52.6,52.6,3.1879,SUSPECT_CHANGED,HIGH
17940,17942,16630000,PGD Phong Lan,106.6902538,20.8654375,16931000,PGD An Lão,106.5552693,20.8213993,14.85748491673972,TP. Hải Phòng,180,40,"1 hr 1 min
70.8 km",70.8,1 hr 1 min,part/output_part_180/ket_qua_tu_0_den_99.xlsx,original_output,ok,16630000__16931000,16630000__16931000,"20.86544,106.69025__20.82140,106.55527","20.82140,106.55527__20.86544,106.69025",directed_pair_key_by_code,18.3,70.8,,1 hr 1 min,,4.7653,52.5,52.5,2.8689,SUSPECT_CHANGED,HIGH
19251,19253,64034000,PGD Phú Giáo,106.7955924,11.29029,92332000,PGD Bình Trị Đông,106.61727,10.7517545,62.96597540997983,TP. Hồ Chí Minh,193,51,"50 min
27.5 km",27.5,50 min,part/output_part_193/ket_qua_tu_0_den_99.xlsx,original_output,ok,64034000__92332000,64034000__92332000,"11.29029,106.79559__10.75175,106.61727","10.75175,106.61727__11.29029,106.79559",directed_pair_key_by_code,80.0,27.5,,50 min,,0.4367,-52.5,52.5,0.6562,SUSPECT_CHANGED,HIGH
19183,19185,64034000,PGD Phú Giáo,106.7955924,11.29029,88034000,PGD Bà Rịa,107.1768403,10.4877553,98.47028400637262,TP. Hồ Chí Minh,192,83,"1 hr 43 min
70.5 km",70.5,1 hr 43 min,part/output_part_192/ket_qua_tu_0_den_99.xlsx,original_output,ok,64034000__88034000,64034000__88034000,"11.29029,106.79559__10.48776,107.17684","10.48776,107.17684__11.29029,106.79559",directed_pair_key_by_code,123.0,70.5,,1 hr 43 min,,0.716,-52.5,52.5,0.4268,SUSPECT_CHANGED,HIGH
19144,19146,64033000,PGD Dĩ An,106.7573326,10.9062265,94000000,CN 10 Thành phố Hồ Chí Minh,106.673082,10.765361,18.16615395915969,TP. Hồ Chí Minh,192,44,"1 hr 50 min
72.8 km",72.8,1 hr 50 min,part/output_part_192/ket_qua_tu_0_den_99.xlsx,original_output,ok,64033000__94000000,64033000__94000000,"10.90623,106.75733__10.76536,106.67308","10.76536,106.67308__10.90623,106.75733",directed_pair_key_by_code,20.4,72.8,,1 hr 50 min,,4.0075,52.4,52.4,2.5686,SUSPECT_CHANGED,HIGH
